JobLevel,TotalWorkingYears,Age,MaritalStatus_Single,YearsInCurrentRole,MonthlyIncome,JobRole_Sales Representative,YearsAtCompany,JobInvolvement,JobSatisfaction,EducationField_Technical Degree,JobRole_Laboratory Technician,EnvironmentSatisfaction,JobRole_Research Director,Attrition,C0,C1,C2,C3,C4,C5,C6,C7
4,32,50,0,4,0.8642691415313225,0,5,3,4,0,0,4,1,0,4.001982588698397,-1.5396062448498402,-1.1884051875976185,0.6585413954317837,-0.2226797237726456,1.22103678534608,0.4756211505526337,2.010759020127634
2,7,36,0,2,0.20734022358152288,0,3,3,2,0,0,2,0,0,-0.9526977400533864,-0.4297300597971763,-0.4286158887234681,-0.2729858475850027,-0.8821312485652473,-0.05449302399039489,0.08693886033715541,0.01733273120104789
1,1,21,1,0,0.088061590381776,1,1,3,2,0,0,2,0,1,-3.4442154150038005,-2.3264109428777906,2.5094892362569565,-1.5034481814526401,0.2860826123329146,0.361600965067323,-0.7810888864307394,-0.14488629127900926
3,18,52,1,6,0.49757435140265766,0,8,3,2,0,0,2,0,0,1.5168494765158917,-1.1805831257269561,-0.21017968090739514,0.004335763208662168,0.09754308185701194,-0.21870809275821704,-0.7634796596530818,-1.6770632512766224
3,15,33,0,6,0.6644695211980595,0,7,3,3,0,0,2,0,1,1.130934852094046,0.042596480795022554,0.13631514043507378,0.06876354346874372,-0.5368461911598679,0.242104652317757,-0.4451161838703103,0.29268473755634633
3,28,47,0,11,0.49166842438304154,0,22,2,2,0,0,3,0,0,3.2403802765507415,1.4117022410083249,0.29090874762694274,-0.3743751705099553,0.8739267001010531,-0.534191792037586,0.7128917986064925,-1.4881123226130708
2,4,22,0,2,0.19858679603459187,0,2,2,4,0,0,4,0,0,-1.654179544491038,0.3264839949233768,0.18089452074310147,1.0821578713149236,1.0290049873059441,0.7623502992199975,0.5979618124133645,1.6158636827479114
2,7,33,0,5,0.22985657034380932,0,6,3,4,0,0,3,0,0,-0.6017997234650369,0.680908830340656,-0.021338455970611302,0.5440128245986673,-0.03881984891334972,1.0914453438390521,-0.3838350828001223,0.5946263427283325
3,15,40,0,11,0.5191942628137524,0,12,2,4,0,0,3,0,0,1.7926800025504928,1.2931308526612981,0.5508741709838818,0.9502695121883451,0.7931709639496427,0.2569442293946219,0.03148231804944539,0.003741398493878832
2,8,27,1,2,0.2141953174435773,0,6,1,4,0,0,4,0,0,-1.1565388764884401,-0.40978955121739985,0.8863594295447947,1.8562675947571885,2.601264773538661,-0.21468726411290132,0.2275384780367977,0.6814906905813698
1,8,40,0,0,0.07366589327146171,0,1,3,4,0,1,1,0,0,-2.082699823936772,0.6085580417632986,-1.3499185649265935,1.077282070252315,-1.6635833999238248,-0.8887523674811517,-1.196766079199966,0.34772586601560146
3,23,55,0,2,0.5255747732545877,0,3,3,2,0,0,4,0,0,1.4369516933218849,-1.0688981326739297,-1.7744828259296246,0.20699422820207786,-0.2895252814333429,0.9358275334185893,1.422288636365089,-1.0101075468157585
1,5,33,1,2,0.06876186458553048,0,2,2,2,0,0,1,0,1,-1.9693191193805102,-1.160126559259892,0.6796898088220353,0.466116636342651,0.22745042819956918,-1.513498297197163,-0.8147670152832808,-0.4654439899471524
3,17,37,0,1,0.5062223159670955,0,14,2,3,0,0,1,0,1,1.136293582026865,-0.13550405315917835,0.38505138508054804,0.9575398661603916,-0.6748776577476635,-1.0061777956527214,-0.17045012061883416,-0.1811824220611619
5,26,46,0,4,0.9375659143640582,0,11,2,2,0,0,4,0,0,3.445151538007809,-0.7704415136469869,-0.6920039453431168,0.3773340670236052,0.7368294699587634,0.0813965699432636,1.6583578549130913,-0.39009306640196023
2,10,38,0,8,0.4701012444631934,0,9,3,2,0,0,3,0,0,0.5287304693976561,0.5631919303707281,-0.1304829344882153,-0.8227840603295753,0.06536404325692427,0.33862291901743413,0.22968538845070774,-0.18693409041320327
2,10,30,0,2,0.19078253533009915,0,9,2,4,1,1,1,0,0,-1.1437472426975595,2.118234378893687,1.883531361932401,1.623105704755062,-2.3881517065082134,-1.474324923820103,0.8188207172307025,0.9112958621059429
2,15,36,0,12,0.23186036701117907,0,15,1,4,0,0,4,0,0,1.0152092667551276,2.146872822049758,0.9432703520101751,1.1602292404151215,2.115704662888801,-0.13308006924319674,0.8314047914425123,0.05731924676383601
5,21,40,1,8,0.9926175912254799,0,21,3,2,0,0,2,0,0,3.8463951519541335,-0.5380063911561621,0.8766559681149455,-0.7056743614817473,0.773198069562419,-0.3208568353535382,-1.243139358721947,-1.0400222152168712
4,22,53,0,13,0.7299620333263025,0,17,3,3,0,0,3,0,0,3.7800944418024884,1.121953388466777,-0.1036589179466511,-0.15832966536558965,0.1584729861504017,0.7080731835592313,-0.08280863918544952,-1.1638780515272733
2,10,32,0,5,0.2352351824509597,0,9,3,2,0,0,4,0,0,-0.3295285968771093,0.558650675931183,-0.3203928557982838,-0.9262743799081072,0.5800188620287563,0.7978657262558676,0.6578441438131752,0.17073759800164365
2,4,55,0,2,0.15956549251212823,0,3,3,3,0,0,4,0,0,-0.6224807928127607,-0.31039251229555737,-1.4814783863415786,0.6065662414201198,-0.22341626138225146,1.3446791165729468,0.9217808744476852,-0.45894256384901927
2,11,30,1,4,0.2679814385150812,0,5,1,4,0,0,3,0,0,-0.6783406962153798,-0.4258262901787893,1.0501330435927496,1.9853554792799082,2.0718584993823086,-0.6852924631442268,-0.18476967447579185,0.3128657351467548
1,1,23,0,0,0.031217042817970893,0,0,4,1,0,1,3,0,1,-3.2316411118727384,0.45403877315336055,-1.6626842560814148,-2.122684762863908,-0.8028726509675697,-0.3093469460348942,-0.23582317846674042,1.0029706908693408
2,10,51,0,0,0.2701434296561907,0,1,2,3,0,0,2,0,0,-0.44938879859269887,-0.9348266672261076,-0.8630801277420004,1.5903550034799965,-0.8215761896838076,-0.3984887032663693,0.7314940106976949,-0.4527133844149643
2,8,42,0,3,0.2664522252689306,0,4,2,4,0,0,4,0,0,-0.4788749843598039,0.18566144614731933,-0.5120401627249406,1.5017801593691809,0.685309539609094,0.8273152121285152,0.9027821875690428,0.3984744330608732
1,1,20,1,0,0.0,0,1,3,3,0,0,4,0,1,-3.0125290693371167,-0.7167266281003842,0.21324341534193986,-0.0678857207055394,1.443477397729172,1.0127848604888972,-0.5911544928868468,0.880822531528309
1,6,29,0,4,0.06111579835477747,0,5,1,4,0,0,2,0,0,-1.563032329119424,0.7395267610581924,0.840566342182295,1.8492411504412793,0.5578590952467812,-0.9882378131382765,0.2876665116260332,0.7337495166570661
4,25,43,0,10,0.702752583843071,0,25,2,2,0,0,1,1,0,4.802952726841056,0.2115253333360097,1.0468007788621123,-0.9350493883791323,-0.2545646436485501,-1.8485904569007372,-0.39856870368040226,1.1860657509282773
2,16,40,0,1,0.1799725796245518,0,1,2,4,0,0,3,0,0,-0.5619528612208785,-0.3040978652203614,-0.5546713950913508,1.8296797298987364,-0.0017726209212113877,0.3530821832420129,0.6285040395037144,0.1762301337103672
1,10,29,0,8,0.11189622442522675,0,10,3,4,0,1,2,0,0,-1.1285837671932817,2.454904200331065,-0.2924095672610473,-0.04352816794835456,-0.23863605678051997,-0.5807723720311406,-1.4456811486634444,0.6020516353596174
1,6,44,0,3,0.07029107783168108,0,5,3,2,0,0,3,0,1,-1.21006617302332,0.05499201239418995,-0.8273464913570273,-0.36120082203597104,-0.4020822728191355,0.4132184549726813,0.5525558788749898,-0.48297625550994766
4,26,47,0,17,0.8521408985446108,0,20,3,3,0,0,1,1,0,5.511602298629802,0.7567142685923426,0.9692986098083521,-1.0436381586526031,-0.668016802204734,-0.6968925966355535,-1.395796463937641,1.1301883353632778
2,10,32,0,8,0.22674541236026155,0,10,3,4,0,1,1,0,0,-0.41514220295477333,2.07713243140305,-0.17688178805667815,0.18743747134671493,-0.8520478296742715,-1.0086270021856796,-1.8061899676264879,0.4717002265242663
1,8,38,1,0,0.08489770090698165,0,0,3,1,0,0,3,0,0,-1.957035931566133,-1.6867831703435099,-0.5892624550206926,-0.6760735877528685,0.46224983615272425,-0.11603250679505468,0.03967154604839705,-0.7739329264279565
2,12,58,0,3,0.24525416578780848,0,5,1,3,0,0,4,0,0,0.2797189186142686,-0.22953657758471874,-0.9529812803046613,1.910663578727471,0.8981753341132539,-0.27207015434588355,2.094296362958734,-0.7562078306671128
3,10,45,0,1,0.441415313225058,0,3,3,4,1,0,2,0,0,0.1623578733086558,0.15987874552192155,1.4535540207805457,1.8409202607095292,-2.9408043953088203,1.029225455351543,1.4950403496041609,0.23295372376706733
4,30,56,0,7,0.5322716726429023,0,10,3,4,0,0,3,0,0,3.1055249364822344,0.1519618336731512,-0.8801821410029104,1.1806368177975908,-0.41356384671295215,1.1362588511379077,0.05909202054546235,-1.1977623982399488
2,6,37,0,3,0.449061379455811,0,6,1,4,0,0,3,0,0,-0.2866623066521192,0.18157246887916983,0.3031048064141997,2.0463359834151946,0.8676078476741409,-0.4609913308075501,0.9130068977400895,0.7520420257019611
3,9,39,1,7,0.3623180763551993,0,8,4,3,0,0,1,0,0,0.47129236745186565,-0.5533474943879235,0.4857229324391921,-0.3720076822082567,-0.6204268862058152,0.43613729979442917,-2.4374426445849893,-0.7769332220812438
3,13,54,0,4,0.5102826407930816,0,9,2,3,0,0,3,0,0,1.3780746139768592,-0.2020921043920536,-0.6539932762555506,1.1518960819477992,0.042742749147093584,0.027569124428017025,0.9389541574660992,-0.6498350443839849
1,10,32,1,7,0.15903817759966252,0,8,3,3,0,1,4,0,0,-1.3524784518852024,1.1799310103416965,-0.5764946808264539,-0.5653653771834417,1.6796158641651258,-0.15613964113714687,-1.0933653632936402,0.04693205042557805
3,15,48,0,0,0.6061484918793504,0,0,3,3,0,0,1,0,0,0.6555167360264427,-1.4772664438620178,-0.8961344645394365,1.1243729684377344,-1.8960934342128093,-0.07658084902485053,-0.2334450992296754,-0.34729402110424884
2,6,33,0,5,0.23618434929339802,0,6,4,2,0,0,3,0,0,-0.6775845360510137,0.2798247650104166,-0.5035311100896619,-1.3689567845450437,-0.5971243085034068,1.1585688587200975,-0.2909548635225771,0.13138391776229372
2,12,31,0,7,0.27225268930605356,0,7,1,3,0,0,2,0,1,-0.06492225532657599,0.6585270926832951,0.887825178021609,1.1402963408307862,0.6874237798522254,-1.3707909517931591,0.5611943655645856,0.30228472195669304
3,24,46,0,13,0.4979962033326302,0,24,3,1,0,0,2,0,0,3.274318258000196,1.5538156365388933,0.40471420126766655,-1.7844747086224622,-0.02575683962166314,-0.5862942984184266,-0.11668968784275445,-1.7979199066759208
2,10,38,0,2,0.24973634254376714,0,2,3,4,0,0,4,0,0,-0.7334662739975646,-0.0016914877932070248,-0.816256921365196,0.9017182277385658,0.11343102335723954,1.6110424972143493,0.3563448872938126,0.5274086472092071
2,16,38,0,13,0.18092174646699008,0,15,3,2,0,0,4,0,0,1.0829790752450137,1.8799469288888793,0.12555867272122984,-1.3859375200730193,1.0119250795493244,0.7237922514894294,0.36041643706961773,-0.7131307300031512
2,10,43,0,9,0.36057793714406244,0,10,3,4,0,0,4,0,0,0.6361387484056844,1.2579514271613548,-0.24987425477857078,0.3673342429864069,0.5786497601059855,1.5475750559908221,0.011020133456977593,-0.020173601644262323
1,4,37,0,2,0.06944737397173592,0,4,3,4,0,0,2,0,0,-1.642089090123525,0.3150827541577297,-0.21864884615699587,0.9034140794037009,-0.8446326463949485,0.6611758775309495,-0.6223586619257081,0.3070828329533262
2,11,30,0,10,0.1657350769879772,0,11,2,4,0,0,3,0,0,0.10948098695410813,1.717365390640036,0.8634634007095164,0.6823938779904675,0.9637638854521478,0.21277543308278887,-0.14492323864238899,0.4149257997726333
4,21,39,0,9,0.8497152499472685,0,19,2,2,0,0,3,0,0,3.2781620563330294,0.6918099521791173,0.46945290229474956,-0.347133652434255,0.8586878177453492,-0.49868918377819793,0.6959933681323514,-0.40971381826479986
5,21,43,0,12,0.9693630035857415,0,16,2,3,0,0,1,0,0,4.131005335043445,0.576812132700156,0.9528167875645819,0.5781395100215765,-0.2304363492201995,-1.0276284471499089,-0.470956812904135,-0.4949730407814992
2,9,27,1,6,0.30594811221261337,0,7,2,1,0,0,4,0,0,-0.6091207783356919,-0.5293799044741799,0.5904941977620797,-0.9258047079069305,2.2650676964880208,-0.5511410688760197,0.4936837511479127,-0.126271452251807
2,10,42,1,4,0.27604935667580677,0,5,2,3,0,0,3,0,0,-0.3547466742493828,-0.8192265429976042,0.19263916394235925,1.008624934280889,1.2548077350222637,-0.19585919885715095,-0.2146176495049737,-0.568111221782716
1,4,31,0,2,0.1565597975110736,0,2,4,3,0,1,1,0,0,-2.2549502878519694,0.8368410892448569,-1.17169925413803,-0.5967299944353017,-1.8844273135586724,-0.5088163395637584,-1.7126811888450464,0.6515178961730862
1,8,39,0,2,0.07356043028896857,0,2,3,1,0,1,4,0,1,-1.994816800841518,0.5803538713205463,-2.085449787907138,-1.3000529135248369,0.06938136867175193,-0.6070610306720223,0.9758591965738265,0.04942196411612429
4,9,29,0,7,0.7970364901919427,0,7,2,4,0,0,4,1,0,2.3130592393825276,-0.5043017590234788,0.4762214788689179,0.3301642655121726,1.0475023030891388,0.37741517425762794,0.3485315478705617,3.8110648412786983
5,22,49,1,2,0.9310272094494833,0,3,3,1,0,0,3,1,0,3.4987672356458877,-3.6497112354237684,-0.7961403921818202,-0.9058642622068624,0.13367668930143012,-0.43544496629044677,0.11747341601280245,1.3297647509319541
1,20,38,1,0,0.09750052731491246,1,1,2,1,0,0,1,0,0,-1.8119796658520078,-3.025555670932318,2.0371547311930134,-0.8039783828966034,-0.11411060012432439,-1.2461663702508756,0.1257450261626709,-1.9375641644518686
4,16,42,1,0,0.790075933347395,0,1,3,4,0,0,1,1,0,2.1043042027561722,-3.175795594390242,0.05336689055789363,1.0958076268505952,-0.8899644599881209,-0.28724934196802554,-1.8065748928190828,2.23251720724373
3,9,34,0,7,0.4017612318076355,0,8,3,3,0,0,4,0,0,0.4748480835420692,0.631623148230963,-0.1739353030664283,-0.27281257669421405,0.6023814600187718,1.1909889466383552,0.3109442921179742,0.469961642865869
2,17,36,0,8,0.29408352668213456,0,16,3,4,0,0,3,0,0,0.9686285365992378,1.5948353750649735,0.31093279160279796,0.1965976645484349,0.29860185499625425,1.0002076711963104,-0.5765865159285913,-0.1702157549334161
2,5,27,0,2,0.175754060324826,0,4,3,4,0,0,3,0,0,-1.3520726479230962,0.32137111092511983,-0.03711649894398323,0.6091106201534935,-0.11037579551223481,1.0997990073529493,-0.34670626155219225,1.0621218149940175
3,20,40,0,0,0.5232545876397384,0,1,1,1,0,0,3,0,0,0.5473674564986014,-1.5020127099442302,-0.6385046431116046,0.7324258744693755,0.452647886293248,-1.5194696762642481,2.2999609811562127,-0.20960156078839512
3,10,34,0,9,0.3202910778316811,0,10,2,3,1,0,4,0,0,0.5978753278873035,1.8721261634211406,2.43945062043965,0.6636836160135071,-0.4850080612496739,0.6644383844113879,2.5934921427864652,0.48297185343753096
3,10,43,0,0,0.4733178654292343,0,1,3,1,0,0,3,0,0,-0.015250960494659566,-1.4334247140333751,-1.239455602362509,-0.5590620134445472,-0.6916955641213292,0.11597111021874536,1.141485569395818,-0.20903821312500917
3,13,31,0,7,0.5159249103564649,0,13,3,4,0,0,1,0,0,1.158556227797533,0.8688817114307753,0.8333227421705518,0.4619030561293654,-0.7979645224131837,0.10225725475972401,-1.4279467844647042,0.29909129171248733
1,12,41,0,3,0.09349293398017296,0,5,3,4,0,0,4,0,0,-0.9401611790803177,0.547463217961053,-0.7996581249509835,0.7786839582363587,0.19272017760160098,1.5732774794576299,0.30429707701039577,0.032928080646117824
2,10,31,0,8,0.21060957603881036,0,10,1,1,0,0,4,0,0,-0.09284795682356173,0.8109380192391983,0.454699202087478,-0.5108462088710364,1.8797756980150093,-1.1819757920807095,1.969997900727699,0.04939536368546357
2,12,45,1,2,0.23149124657245307,0,4,3,3,0,0,2,0,0,-0.4314368421509034,-1.2385853288010855,-0.20187489007214232,0.7075602943265631,-0.026620139751262928,0.15705980550629303,-1.0487594192113996,-0.9459026535579513
2,9,33,1,7,0.19368276734866063,0,7,2,4,0,0,2,0,0,-0.45460141123108844,0.03204451097474777,1.1449989016053852,1.2630338650055957,1.1385334612145173,-0.3661597545018469,-1.309861943774292,-0.13649012110252562
2,17,36,0,2,0.08236658932714618,0,5,4,4,0,1,3,0,0,-0.9726716849571739,1.1687912163893872,-1.7376147876992756,0.0022099701879541482,-0.8823700644165875,0.7778198404417518,-1.065921993630823,0.3571394559987891
1,14,33,0,11,0.05373338958025733,0,14,4,2,0,1,2,0,0,-0.44239434546269923,2.6615331919826066,-0.6462185130041962,-2.12511683373044,-0.6307003090127937,-0.550978881106839,-1.4521911190294532,-0.4476561969133302
1,5,31,0,2,0.1002952963509808,0,5,3,3,0,0,1,0,0,-1.6573481861326136,0.16255855933479757,0.16327758114368576,0.19775137511980512,-1.2254178460745553,-0.20733076442295198,-0.834001928689243,0.2516892573022736
1,1,19,1,0,0.06939464248048935,1,0,1,1,1,0,3,0,1,-3.6847875033563713,-1.685397442795027,4.955885412557427,-0.5004008402099929,0.13600468249186454,-0.8348619362439269,2.936275696247448,0.14632425143806424
1,5,32,0,1,0.09412571187513183,0,5,4,2,0,1,2,0,0,-2.2144867963764256,0.8286245785217269,-1.4979892833518513,-1.3495765235563828,-1.350315679167196,-0.41404266684397806,-0.9484209429461808,0.38394301501672096
2,18,36,1,9,0.3569921957392955,0,11,3,4,0,0,1,0,0,0.816599770629697,0.2547564681282786,1.1261557567694698,0.6402668146925554,0.17935135326654816,-0.09104246737067591,-2.3412360003265125,-0.832835481126976
2,19,37,0,0,0.16146382619700486,0,10,3,2,0,0,3,0,0,-0.11955614876012123,-0.15378541750453623,-0.7058441478284797,-0.38000750427098995,-0.3094753948765791,0.3529166889224365,0.5556322081418986,-0.4712716133766736
1,1,29,0,0,0.06907825353300992,0,1,2,1,0,1,2,0,1,-2.869130472236846,0.2913043884344548,-1.0473233066763474,-0.62101616803542,-0.33997399898076,-2.338127925695113,0.5610310170213101,0.7159588254488799
1,11,29,0,5,0.07936089432609154,0,7,3,4,0,0,3,0,0,-1.109029358800166,1.0644875404586718,0.1085809426592129,0.3864362787560014,0.08422544784485181,1.029766745161262,-0.46467656285940623,0.47576827228288293
5,21,41,0,16,1.0,0,21,1,3,0,0,2,1,0,5.674307577415455,0.6265327848664662,1.6304553202986858,0.01718646334401085,1.065922424531995,-1.8032832770819534,0.06930450544468417,2.0526482059466664
2,12,30,0,9,0.28148070027420374,0,11,3,4,0,0,3,0,0,0.2712933279469557,1.5065032153680482,0.49039954653721896,0.11703715767314062,0.3571881355116045,1.0076843806208655,-0.6586646506741188,0.4031474188631426
3,9,39,1,3,0.6567707234760599,0,4,3,3,0,0,3,1,0,1.354181588096545,-2.2809603955532745,0.013316559806005426,-0.20284582674863721,0.5013892945445075,0.23166144639649966,-0.9132670278179623,2.3534853338093464
1,1,22,0,0,0.07324404134148914,0,1,3,1,0,1,3,0,1,-3.1220565592453156,0.49770170085224286,-1.2869896066905377,-1.5393642640862222,-0.20453799204107115,-1.1126581724114022,0.2984547900592425,1.1328443793604714
2,6,31,0,4,0.1759122547985657,0,5,1,3,0,0,3,0,0,-0.936566769156305,0.3422546200941571,0.46309513409457337,1.217785185844672,1.0252880779573221,-0.8531780455236886,1.102431638272037,0.6825164305875647
4,26,45,0,3,0.8775047458342122,0,9,3,4,0,0,4,0,0,2.7253805695294377,-0.39586359052779246,-0.9097652508388359,1.0546053516689926,0.12708593973996407,1.5911040871037738,0.47129518416543353,-0.027083850460530717
2,19,42,0,4,0.18703859945159249,0,5,3,3,0,0,1,0,0,0.17155827881695995,-0.0739520772404619,-0.28333693477193206,0.5315107528362069,-1.4081877257160227,-0.19165985802799804,-0.6086270638141061,-0.719435088018068
3,10,31,0,9,0.41837165155030587,0,10,2,3,0,0,3,0,0,0.7706971071073822,0.9552566918668055,0.6557947430901403,0.22131008861272441,0.8414400404007405,-0.1094543862192154,0.28552645875610544,0.46472227686296336
2,13,51,0,1,0.2358679603459186,0,4,1,2,0,0,4,0,0,-0.13376379515998724,-0.6372748300599644,-0.9570197857980858,1.2558248839515336,0.9149331589836873,-0.6555761085506686,2.411929604454034,-0.5700357852148852
2,14,34,1,9,0.228538283062645,0,13,2,1,0,0,4,0,0,0.34232069106886354,0.1793191357800395,0.672815076046668,-1.0882963707277316,2.419902437893781,-0.5841008110264412,0.4063661012883771,-0.9265894588205725
4,10,33,1,8,0.8666420586374183,0,10,3,3,0,0,4,0,0,1.7356444961033282,-0.5004933744786844,0.5268368128089893,-0.22304908708679644,1.7364740489822525,1.0126747402340384,-0.716390049517249,0.26226100541599634
2,15,40,0,8,0.24615060113900022,0,11,3,2,0,0,2,0,0,0.620664733342095,0.7315610019273154,0.014883672907751602,-0.7146526058436817,-0.4614995139842166,-0.14315252181561572,-0.18473402394959165,-0.7709703180182974
3,10,33,0,8,0.38868382197848556,0,9,4,3,0,0,4,0,0,0.6002113979783983,0.8562909912246316,-0.341703822978212,-1.0210368004781152,0.1509975692760701,1.9642344708908064,-0.32965326775625875,0.3588275110597526
2,6,34,0,5,0.2481016663151234,0,6,3,3,0,0,2,0,0,-0.5805401484213478,0.3651818341895422,0.07102715683498206,0.03177459120815799,-0.596075396296172,0.2687194830609494,-0.46712962022087284,0.25411742641075846
1,10,34,0,9,0.08869436827673487,0,10,3,4,0,0,2,0,0,-0.4729487159119258,1.6023210417796299,0.5177009195486405,0.27861038263300564,-0.26821009971769605,0.5496198992864989,-1.033007554086695,-0.03274856690730715
3,9,30,0,7,0.5487766294030795,0,8,4,1,0,0,2,1,0,1.5705477036466413,-0.8705999173404396,-0.0035838209472202854,-2.715564044724679,-1.1080431509865138,-0.08568968126077668,-0.6729865509055282,2.4738395353486253
2,9,45,0,8,0.13836743303100613,0,9,3,1,0,1,4,0,0,-0.3572213779340839,1.5061931633741865,-1.6625276969784288,-1.6699997035032277,0.4200988992060143,-0.632056333305022,0.720227658711781,-0.4916542839014412
3,9,37,0,5,0.41262391900442946,0,9,3,2,0,0,1,0,0,0.545683799451808,-0.06504737890492751,0.1647059450399694,-0.44374944851012205,-1.140590386475273,-0.5498946661725027,-0.5288357856225715,-0.2313570378040741
2,13,31,0,7,0.3447584897700907,0,7,3,4,0,0,4,0,0,0.05517305148989602,0.9913406193649579,-0.055100011211074974,0.3038503610322634,0.6520477112074676,1.5079984668874238,-0.04016220744823608,0.6185240837888332
1,8,32,1,7,0.10857414047669268,0,7,3,4,0,1,4,0,0,-1.596690023806176,1.3671850158952006,-0.49360676963209843,0.08081504035430907,1.662869416269102,0.22099145507034848,-1.4250944932021905,0.32001214377140635
1,7,30,0,2,0.05921746466990086,0,5,3,3,0,0,1,0,1,-1.6502516380064431,0.1993738606108187,0.17807757628837143,0.18600318737649452,-1.2066562640013454,-0.218635857740777,-0.840441073285691,0.2105885077488164
2,10,33,0,3,0.2302784222737819,0,5,4,1,0,0,3,0,0,-0.6948017402940266,-0.2631859393535457,-0.8182461813554714,-1.8213029493317128,-0.7405438190847788,0.7983250466456238,0.17120237916864176,-0.15073913465622232
3,10,38,1,0,0.36131617802151444,0,1,3,3,0,0,3,0,0,-0.5011470631520892,-1.7404513633291754,-0.3460083041162634,0.6815953935782324,0.46300286010074,0.6485559807894266,-0.5994094792705916,-0.11409682347895254
2,17,41,0,0,0.10878506644167897,0,1,3,1,0,0,3,0,0,-0.71831531188719,-1.002575829092959,-1.2669524575608457,-0.6237408811783856,-0.64096493461379,0.060775114601147776,1.1220654469718447,-0.6464851215480183
3,18,51,1,2,0.508384307108205,0,4,1,4,0,0,1,0,1,1.020524089229706,-1.641759730529354,0.4261013463032632,2.989796010394218,0.3831891136722664,-1.5000620941196023,-0.4995933988573907,-0.9730537653018978
2,13,38,0,3,0.27836954229065597,0,4,2,1,0,0,1,0,0,-0.2747317118280856,-0.6602978659764929,-0.05324733398569995,-0.1479680857925517,-0.8483275371502214,-1.7017189593502735,0.5826742139192576,-0.5525939256003655
2,9,27,0,8,0.13346340434507487,1,9,2,3,0,0,2,0,0,-1.0644733877401928,-0.023711551869702203,2.912452059442259,-0.8014792293600779,0.2758915263011385,0.0398734810866959,0.12206569450565168,-0.19400039049911336
4,33,53,1,9,0.6995359628770301,0,12,3,4,0,0,4,1,0,4.519805072689873,-1.243825869983127,-0.23000529624265087,0.3175729873286095,1.1928400695416945,0.9916379070195935,-0.7932789129939387,0.9066253468529998
2,4,30,0,1,0.22632356043028898,0,2,3,3,0,0,4,0,0,-1.450488650286516,-0.14665141730396897,-0.5968092801976159,0.0707553205036379,0.24576454282095284,1.2354258937083347,0.5462404116735219,0.9475323067556692
1,1,30,1,0,0.0037966673697532164,1,1,3,4,0,0,2,0,1,-3.279374314471523,-1.9961481881883503,2.347256938280159,-0.0172206357162932,0.10028364317812138,1.1349737516080214,-1.2967638349959776,-0.24559427204520243
1,7,30,0,2,0.1489137312803206,0,2,1,3,0,1,4,0,0,-2.1664356584806126,1.0670221585749848,-0.923897883905261,1.0146977754024988,1.37796581849519,-1.5043581490685256,1.2850291401923195,1.1806997679297333
5,32,58,0,8,0.9856570343809323,0,9,3,1,0,0,4,1,0,5.384868966721503,-1.7610145691415247,-1.3670845158409932,-1.3471101263312062,-0.11458776704085344,0.1429812209948682,1.3949194156851508,0.9121575852234854
2,16,34,0,1,0.4596076777051255,0,15,4,4,0,0,2,0,0,0.5281356714824802,0.4902894317262947,-0.17935706353985292,0.04299033287379037,-1.1293252320614569,1.3699725009884494,-1.304230890175073,0.06687671446729812
2,18,51,0,7,0.20707656612529002,0,7,3,4,0,0,3,0,0,0.7601332497395651,0.6566769640136361,-0.6891052282777098,0.9426151469788182,-0.32662264628318244,1.1220918153474781,-0.0917568403499023,-0.8116173655607168
4,21,39,0,9,0.8468150179287071,0,21,3,1,0,0,3,0,0,3.3662573985095237,0.6380634601388091,0.14577551882814954,-1.6883353134289012,0.35773703661862255,-0.08048036938738252,0.4211776103505291,-0.7469780338418134
3,10,36,1,3,0.47305420797300146,0,10,3,4,0,0,2,0,0,0.4152627830172869,-0.6718505844627174,0.579826107004106,0.8966902230826139,0.3760337959673827,0.47088250791109565,-1.6905577956993754,-0.12916637816628157
2,13,32,0,12,0.22247416156928917,0,13,2,2,1,0,3,0,0,0.5574716019010667,2.408768566223802,2.8971722496429186,-0.2160487431531682,-0.733145963732083,-0.24525749913010061,2.2888125911714807,-0.12510167777918382
1,18,56,0,4,0.10192997257962455,0,5,3,3,0,0,1,0,0,0.024371295193595703,-0.07749819110257691,-0.8391721860168102,0.8264461962093965,-1.6989100006510118,-0.14508613042152022,-0.38302232227234506,-1.5518894148917175
2,13,57,0,9,0.20517823244041342,0,12,4,3,0,0,2,0,0,1.12303817888452,0.9064081627622651,-0.7309746168131955,-0.40261900538693524,-1.296527304485731,1.0919071571932675,-0.8654329784088374,-1.532952908940155
4,32,57,0,0,0.6912571187513182,0,1,2,4,0,0,1,0,0,2.5019117267783324,-1.6793263400132241,-1.0001779280410028,2.7835450576875997,-1.5618785970005007,-0.5012755164523106,0.27283893552594357,-1.0050577458168684
1,5,40,1,2,0.07029107783168108,0,4,2,4,0,0,4,0,0,-1.6738902120617352,-0.4692769297768978,0.019972135000667263,1.5334651297299786,1.7336185508987576,0.6377468683564027,-0.1115782185641311,-0.09444382630132961
1,1,23,0,0,0.04118329466357309,1,1,3,1,0,0,4,0,1,-3.3628688777270512,-1.4696889068596308,1.3919278135651347,-2.4043736552270496,0.26990716786116675,1.11315758741455,1.4205413107426055,0.27094851391124036
3,11,53,0,3,0.3161780215144484,0,4,4,4,0,0,2,0,0,0.5434175569697678,-0.3553292106289432,-1.1286191736870455,0.7780887826404432,-1.7410494873188043,1.5480241909599013,-0.8675294204245033,-0.5650177253989226
1,4,38,1,3,0.07545876397384518,0,4,2,2,0,1,4,0,0,-2.1788866162084473,0.1903544101668358,-0.9589813669272254,-0.1010980440230362,1.792853218487357,-1.2168956779076623,0.10828140326173101,-0.06867000250529043
1,8,36,0,2,0.05979751107361316,0,5,3,2,0,0,3,0,0,-1.4557027656443569,0.05863260646451747,-0.6024937556046172,-0.4909973212544005,-0.28175002630182483,0.3744757788918146,0.46515915561176474,-0.11257667173871282
3,11,29,0,10,0.3643218730225691,0,11,3,4,0,0,2,0,0,0.8257204484370276,1.3493930811214292,0.8411296721091089,0.17945244968773633,-0.11393747654451514,0.5578454709176454,-1.1390434484345033,0.4738091541948641
3,20,38,0,16,0.6431659987344442,0,18,1,3,0,0,2,1,0,3.9431984465210683,1.0583478313813748,1.6139635646441552,-0.08019866222200879,1.086683703978823,-1.8455052947827646,0.028508904669514192,1.9404590420259098
3,25,47,1,14,0.40202488926386837,0,17,3,3,0,0,1,0,0,2.763834125389158,0.6786673874052923,1.0805418556498463,-0.09634525080800259,0.32446307559401244,-0.46553368221861824,-2.073823275273869,-2.0194134313993866
2,10,32,0,4,0.20428179708922167,0,10,3,3,0,1,4,0,1,-0.8497785977638326,1.647626570820359,-1.1954162937032207,-0.5279624018606819,0.5330968885768832,0.05159235053212739,-0.024625493864446363,0.6974227262129201
2,6,36,1,5,0.2894958869436828,0,6,2,2,0,0,2,0,0,-0.5947753521145916,-0.8045696671856741,0.6989702654147554,0.2030194868433477,0.9364152081878732,-1.0534499117450007,-0.5026813470093977,-0.4883628814477354
2,20,49,1,3,0.1726956338325248,0,4,2,1,0,1,1,0,1,-0.32407747815099447,-0.7751548021115812,-1.0082216967320343,0.03703444748909209,-0.09823811588705733,-2.958344299127754,-0.5250463187611863,-1.6272923188809902
1,6,34,1,5,0.1778105884834423,0,6,2,1,0,0,3,0,0,-1.2803651224549222,-0.6516108754419204,0.44635572005678226,-0.6351700236938516,1.522771154186905,-0.9854482788903756,0.20984550774774705,-0.6220490943760012
2,9,39,1,7,0.18587850664416788,0,8,3,3,0,0,1,0,0,-0.21669628490252174,-0.27132243859986,0.7655801461763401,0.2096315206862452,-0.053202812680124834,-0.3801375567451123,-1.8887592626011267,-0.889043843144748
3,12,30,1,8,0.3936405821556634,0,11,2,3,0,0,3,0,0,0.6315442697250037,0.036525666257563386,1.14515073749982,0.34354595183867864,1.8675686715662303,-0.2932404156500867,-0.6762513686547139,-0.09084519690044449
3,14,51,0,2,0.5055368065808901,0,4,3,2,0,0,2,0,0,0.8817228877995086,-1.0344056266930324,-1.0420645184070108,0.1985248736714364,-1.219119100684539,0.01043196333831885,0.40881732746312627,-0.7705358583614346
2,10,60,1,2,0.2318076355199325,0,2,3,1,0,0,1,0,0,-0.16966494638989638,-2.1100477568858205,-0.8209519470310638,-0.02473691896901496,-0.9482567848893362,-0.9491666856582044,-0.5196644800992722,-2.1671147680835903
2,12,50,0,3,0.3015713984391479,0,6,3,3,0,0,2,0,1,0.1968095938233706,-0.22272204793545453,-0.7615695716631389,0.6039364075938662,-1.064560660495591,0.33744487290026093,-0.059219175425068146,-0.7116607005755484
1,8,45,0,4,0.05921746466990086,0,5,3,4,1,0,4,0,0,-1.0887282708778643,1.4605476771793182,1.277517509705704,1.2635515942993438,-1.6292353006573401,1.8924551851329168,2.136697152248766,0.03116137477392253
3,37,56,1,4,0.3296245517823244,0,6,1,4,0,0,4,0,0,2.125398830032222,-1.052600334367254,-0.44297833208412896,2.7736657229108146,1.9909351025488453,-0.16455638443845513,0.8769116238285415,-1.7283717476275735
3,12,46,0,8,0.3991246572453069,0,9,3,4,0,0,4,0,0,1.1687287041780823,0.8191179842438717,-0.48085813007988887,0.5975680514249853,0.41612822857519416,1.5913664505697518,0.14876271673689004,-0.09946229201029581
1,7,42,0,3,0.0926492301202278,0,5,3,2,0,1,2,0,0,-1.6134009791672173,0.8921688744501618,-1.4830417536050837,-0.553395537161596,-0.9208942032398455,-1.1788945236838406,-0.26990830268752813,-0.18396119922604195
3,19,60,0,0,0.5206707445686564,0,1,1,4,0,0,3,0,0,1.1617192754935561,-1.204439259700901,-1.1222367917791638,3.1276377779506976,0.030294923124864315,-0.3259392894015604,1.6424509120620279,-0.5909131576601945
3,34,53,0,7,0.48302045981860364,0,33,2,4,1,0,3,0,1,4.002925633023019,2.7749548783311333,2.4343105792368203,1.4173501243860835,-0.9629648231386303,0.4656877867014115,1.9657008146446435,-1.6364633170795448
2,10,39,0,0,0.2184138367433031,0,10,3,1,0,0,1,0,0,-0.41658468045867036,-0.5540591850885305,-0.341424028160118,-0.8290237161241141,-1.4048432120907883,-0.9039361103810744,0.007258144359996814,-0.6886565963033161
5,29,48,0,10,0.9837587006960556,0,22,2,2,0,0,4,1,0,5.82360133708506,-0.2230939483794358,0.0645165689021135,-0.9122112432646249,1.1222379721040174,-0.4023219630736655,1.0928033064978269,1.4708823211152457
2,7,37,0,4,0.2896540814174225,0,5,3,4,0,0,3,0,0,-0.5074928092969959,0.374319910543195,-0.28030949731475646,0.740715784684634,-0.20677853432265897,1.121697267861298,-0.2491156270145917,0.468907446735008
2,12,41,0,2,0.23507698797722,0,6,3,4,0,0,4,0,0,-0.3221326509975944,0.22893579797898095,-0.8129152344218753,0.8558807775690966,0.15211004211770096,1.5983404763596833,0.3424263855321928,0.197007017802264
1,3,21,1,2,0.08442311748576249,1,3,3,4,0,0,1,0,0,-3.0240997708732746,-1.6203386810883995,3.105695134386638,-0.30073091352550024,-0.0826217909475957,0.5945821952058526,-1.9853738907407006,-0.0026087152940688935
2,8,32,0,2,0.1789706812908669,0,5,3,4,0,0,2,0,0,-0.9407543093610312,0.20416743494684308,-0.01528532532861577,0.8288825383243732,-0.7314198073143326,0.6421802565073544,-0.6867106414014442,0.5552942913196457
1,7,37,1,0,0.057002742037544823,0,0,2,3,0,1,4,0,1,-2.537446227068366,-0.24281227528000143,-1.2035672306563798,0.8367942533062296,1.5509284674792159,-0.8273111312842614,-0.023387890892283342,0.24941285979078628
3,24,45,0,9,0.2215249947268509,0,24,3,1,0,1,1,0,0,2.0161716403755423,2.1186282741612605,-0.5571733859837769,-1.7581621821633657,-0.7636394542559428,-2.141067632411298,-0.7882516636513911,-1.6130718398810742
3,16,41,1,0,0.6634676228643746,0,1,3,4,0,0,4,0,0,0.43126566774353947,-1.771059938930888,-0.6429801945125864,1.362881845358699,0.9144125970643475,1.4700518345753322,-0.38859822788619297,0.04872205775905805
2,18,42,0,0,0.07187302256907825,0,1,4,2,0,0,2,0,0,-0.6744559463578558,-0.8651737691156952,-1.3026404641967313,-0.4976131558888371,-1.7413263686373779,0.7539442759345124,-0.18833470738935848,-0.7374061499840673
2,10,42,0,7,0.30668635309006537,0,9,3,2,0,0,3,0,0,0.297241943931722,0.5016544174908185,-0.3608610454241751,-0.6784092580279228,-0.07025847909007793,0.3660097845950715,0.32909567594102024,-0.4775968688564773
1,1,24,0,0,0.05399704703649019,1,1,3,2,0,0,4,0,0,-3.2988518567304497,-1.2902164064373338,1.450713596438078,-1.7453047997204971,0.25263700581831494,1.4824674727829168,1.1048470639690557,0.4397229230437268
2,6,33,1,2,0.38045770934402023,0,5,3,1,0,0,1,0,1,-0.8314367296880487,-1.5499130917740758,0.40415459520359936,-0.8319545715930485,-0.26870453140191974,-1.0819299119731587,-1.0727551882084596,-0.5865347553632562
2,12,43,0,2,0.2400864796456444,0,5,3,4,0,0,4,0,0,-0.3065999841123331,0.12215715817752612,-0.927930510861394,0.9411747474416063,0.08093091326913993,1.6129982484391017,0.3979311948509829,0.11862767840962149
1,3,38,0,1,0.08832524783800885,0,2,3,3,0,0,3,0,0,-1.8593577428056733,-0.09527848067447858,-0.7005856038461803,0.31194696520153276,-0.4437983972824658,0.7875026143945032,0.23318199122719085,0.27782141400789234
2,14,33,1,0,0.28364269141531323,0,0,3,3,0,0,4,0,0,-1.0529831646089158,-1.4526507049049757,-0.4641316094828656,0.471086853134072,1.0840338690725462,1.0577016404574322,-0.2236241274232065,0.03331846877901459
3,35,53,0,2,0.5233600506222316,0,5,2,4,0,0,1,0,0,2.2418589861483755,-0.8180107865537638,-0.6162573215863796,2.400274679808361,-1.2519182136832172,-0.5876503993111377,0.04355306879119346,-1.2192390098966805
3,18,43,0,7,0.5173486606201223,0,8,3,1,0,0,3,0,0,1.4604488953784878,-0.15659900030508944,-0.6073980200268908,-1.123523682906143,-0.15884734045297277,0.0065941345380136785,0.7794438571857267,-0.7828780481132577
1,10,42,0,6,0.08352668213457076,0,9,2,1,0,1,4,0,0,-1.0376035197724778,1.488116797360828,-1.4057737469794602,-1.0331014745612634,0.9452259174761326,-1.4543730516738191,1.3118872547439338,-0.3559709942789257
1,7,29,0,7,0.058531955283695425,0,7,1,1,0,1,2,0,1,-1.6423716822290308,1.5428537263778987,-0.1318137053286521,-0.5328423625850702,0.72145105004972,-3.2279547658230565,0.7700969915512089,0.27368132354802227
2,11,29,0,7,0.1753849398861,0,8,3,3,0,0,2,0,0,-0.31737951208194143,0.8628872000271153,0.41430491447559503,-0.23991205879551242,-0.3376238265487976,0.2049056977570661,-0.6455008749683281,0.207616542755608
1,8,37,0,0,0.10614849187935035,0,1,3,2,0,0,2,0,0,-1.7109429640012082,-0.6073363918778614,-0.7023230919897755,-0.1095881445085254,-1.0482754342671419,-0.05393951925689221,0.21679419536142333,-0.11382058658585481
5,28,50,0,3,0.905030584264923,0,8,3,2,0,0,1,1,0,4.3898950575850915,-2.2822263021107276,-0.629639294580613,-0.33368258545521373,-1.8041727171082051,-0.877050628617368,-0.18074366148403012,1.4126322180356004
2,4,29,0,3,0.19194262813752372,0,4,3,3,0,0,4,0,0,-1.2672612218666965,0.28486759375596926,-0.35190478287634985,-0.13883166405515526,0.4258551114752607,1.2077289784694918,0.4059521420419499,0.8840688579373187
3,15,33,1,14,0.6564543345285805,0,15,3,4,0,0,1,1,0,3.054214783988906,-0.04686641183999223,1.849367683310449,-0.4653299703437176,0.42706337952145695,-0.5134007016983089,-2.831541511852232,1.9202275551815813
4,31,55,1,7,0.8303627926597764,0,9,2,1,0,0,3,0,0,3.413266794531705,-1.657626847203277,-0.36852747193019664,0.07398014088422901,1.139634764040543,-0.9305163419756739,0.6836981374104975,-2.056697685360451
3,16,51,0,9,0.6054102510018984,0,10,2,2,0,0,2,1,0,3.0373556036647504,-0.7264141460274942,-0.009418966506249427,-0.3908957228871376,-0.32269956562850116,-1.254044297160132,0.4331312910472444,1.4337945222073214
1,10,30,0,7,0.08458131195950222,0,10,1,3,0,0,1,0,0,-0.7314543742600428,1.1125185001567905,1.2577773281574118,1.038556812635091,0.28022529727712364,-1.8733130236310218,0.019399620483770624,0.03776140996149355
5,23,49,0,0,0.9334528580468255,0,1,2,3,0,0,1,0,0,2.553091175166422,-2.0443169679850133,-0.657214253179947,1.9359776000405777,-1.3908150535627848,-0.8506634296327245,0.42790346448197075,-0.2636764888392087
2,20,47,0,10,0.21398439147859102,0,19,4,3,0,0,3,0,0,1.6602928902908412,1.721566106534514,-0.31359391501400036,-0.9947054619142495,-0.3183413607900701,1.443575636520177,-0.7423602265686146,-1.3081045834761196
1,1,31,1,1,0.0786753849398861,0,1,3,2,0,0,3,0,0,-2.4306736094380224,-1.1257592972865358,-0.031171451098380664,-0.37048194452019256,0.7145042879102115,0.22755979856361327,-0.5273873234362995,-0.005596526163262396
1,7,47,1,2,0.05779371440624341,0,2,3,3,0,1,2,0,0,-1.9067034918299,-0.17948967569705343,-1.2549658898572487,0.4729431852269767,-0.12564203230138782,-0.9418286054903656,-1.3951576410938622,-0.6855837145922086
1,2,58,0,2,0.07187302256907825,0,2,3,3,0,0,1,0,0,-1.1736012029903908,-0.4505464715242609,-0.9764490677312785,0.9557149927068822,-1.8931685570306245,-0.051593315467053605,-0.32163669477299434,-1.0155353401463627
5,23,41,0,15,0.977430921746467,0,22,3,3,1,0,2,1,1,5.620292891966542,1.4022848668902723,3.1015192727816996,-0.7481412240835721,-1.8573771484253552,0.06976717542489565,0.7967050638245483,1.939654138287485
1,5,29,1,4,0.14638261970048513,0,5,2,1,0,0,4,0,0,-1.7100158586101637,-0.6481264179752352,0.33334248450508336,-0.7839392197491342,2.0887546749137025,-0.527930452802811,0.6021265295807366,-0.17748413586953846
1,20,50,0,8,0.11664205863741826,0,20,4,3,0,1,4,0,0,0.6135767511837145,2.7219132146555185,-1.7037994634043299,-1.248103856041132,0.0586074489999604,0.7954171046323609,-0.5809069600373646,-1.1264938550092707
1,6,32,1,2,0.09639316599873445,0,6,2,2,0,1,3,0,0,-2.1686837058428794,0.19162747940557023,-0.5218980833759468,-0.14427965821735123,1.3907829283824593,-1.722694323573997,-0.4109506842908193,0.04868557752854871
5,23,44,0,7,0.951276102088167,0,22,3,4,0,0,2,1,0,5.122523701371353,-0.21701885180470798,0.4214249514049018,-0.06681151715604962,-0.5352944320487679,0.20896271974097724,-0.9972408831587409,2.047116964117854
1,7,38,0,6,0.09676228643746045,0,7,4,3,0,0,3,0,0,-0.9510935797922667,0.8547268959339075,-0.5285014421489421,-0.7470751702384375,-0.6093069109360347,1.5085181933755916,-0.6079372138503497,-0.16292809422575238
1,1,45,1,0,0.06670533642691415,0,1,2,3,0,0,2,0,0,-2.0355779831631695,-1.358996877470791,-0.03700038149668806,1.4133787091816719,0.3788803055312033,-0.593021269654546,-0.4360371537144589,-0.5594525491697623
3,28,46,0,2,0.5018983336848766,0,2,3,3,0,0,1,0,0,1.4005807261646956,-1.0512519115382102,-0.7650448027474277,0.9933470028044182,-1.719535980958498,-0.15328249827127174,-0.305146544084033,-0.843027059043092
1,6,34,0,0,0.10140265766715882,0,5,4,4,0,0,4,0,0,-1.7329926742083128,0.329213437097859,-0.953259958186385,0.0816083951614169,-0.345972345372038,2.3728273183678485,-0.3087226558235043,0.6058618870786513
2,17,55,0,7,0.2834844969415735,0,8,3,2,0,0,3,0,0,1.0031860508833927,0.19522793699808422,-0.9917680684424548,-0.25838012765876295,-0.3971290086352723,0.40966492989236947,0.6253918834201561,-1.3906621547972342
1,1,19,1,0,0.10467201012444632,0,1,4,4,0,0,2,0,0,-2.822465223075465,-0.7366123604875486,0.49024998286942456,0.1128691529291814,-0.14609375716151068,1.2322031037184715,-2.363378297056559,0.8987763180145966
2,9,32,0,8,0.27172537439358785,0,9,3,4,0,0,1,0,0,0.004326668247443022,1.0649441713728751,0.7409978004094997,0.47102792784608355,-0.8499052691414227,0.11211375721115256,-1.4237255885034614,0.22453069033750014
2,11,40,0,7,0.1564016030373339,0,8,3,3,0,1,3,0,0,-0.4726933528669733,1.6950715749989262,-1.1784363997676681,-0.31962225708463693,-0.0751976626376411,-0.3884843398205771,-0.3901601345881431,0.06935141567273359
2,11,30,0,8,0.22147226323560432,0,11,2,2,0,0,3,0,0,0.026119074905657895,1.013732351730833,0.5358570244948991,-0.46575709399702764,0.8493575211501672,-0.5039908971730638,0.6077282165219182,0.07022635404324426
1,13,48,0,0,0.06591436405821556,0,0,3,3,0,0,4,0,0,-1.2436043346665626,-0.4798931244723263,-1.5686495432638132,0.6700449749065303,-0.25774395754305357,1.284157086705928,0.9872047749401657,-0.4112974492800359
4,22,45,0,8,0.832261126344653,0,20,2,4,0,0,1,0,0,3.538641474573409,0.7890289339436266,0.8202076930580477,1.3035491280317777,-0.353139975325098,-0.6747792045959282,-0.6993338562298181,-0.5842964319886884
1,10,29,0,7,0.09022358152288547,0,10,1,4,0,0,2,0,0,-0.7666203697657296,1.4154156705100087,1.1778416133999179,1.5442998606686953,0.8390096276481367,-1.0473720793077457,0.09733848990743137,0.4272790073170904
2,19,46,0,13,0.19014975743514026,0,16,2,1,0,0,4,0,0,1.5811658086692366,1.5780440366610062,0.012694561415809344,-1.1852497423755681,1.4019741376894714,-0.41090827746651226,1.4061316698760633,-1.3932101038469296
2,8,41,1,2,0.21060957603881036,0,2,3,3,0,0,4,0,0,-0.9757365236413111,-1.1030871843672807,-0.5058065397557937,0.43536422447931516,1.079774345527451,1.094383497553179,-0.2500739229049688,-0.32528960337557605
1,4,41,1,3,0.1123708078464459,1,4,3,2,0,0,2,0,1,-2.1816502388505765,-2.109065372610199,1.996980876385605,-1.242961842886671,0.0756947423373891,0.41231343928696784,-0.5866413891801622,-1.4264981353283248
4,24,52,0,3,0.6453279898755537,0,5,4,3,0,0,4,0,0,2.1904165577577603,-0.7931158257630043,-1.7121872681822519,0.06102643808624671,-0.6808117875299959,2.08271229967706,0.4095877300384075,-0.6673624751592245
3,23,51,1,12,0.34143640582155665,0,13,2,1,0,0,1,0,0,2.281856433089353,-0.2775666592598158,0.767534133775877,-0.3927253504564063,0.5708456755678798,-1.9276270072121358,-0.6240607843775768,-2.4108656086786606
1,7,36,1,2,0.08621598818814596,1,3,3,4,0,0,3,0,0,-2.362949490730512,-1.7214616778412446,2.0332824612564164,-0.0921074044308846,0.6432141084990655,1.5852244145366905,-0.8343708588346433,-0.6875121511121629
2,17,38,0,0,0.2986711664205864,0,1,3,1,0,0,2,0,1,-0.4664578726298094,-1.1872286636321665,-0.924756715145844,-0.5820772293644407,-1.1114177096390148,-0.4217190660006742,0.6529574911701691,-0.4882949147851973
2,10,31,1,2,0.22795823665893272,0,5,3,1,0,0,4,0,0,-1.0053450906171213,-1.166161793859221,-0.22066856555995462,-1.1676942005249662,1.3662697021651988,0.2946888944347671,0.1975731644905134,-0.3534740167063974
2,9,44,0,3,0.23439147859101456,0,4,3,1,0,0,2,0,0,-0.41122214157899467,-0.6058387486808644,-0.7607353773860172,-0.7752613536948263,-0.9890993227077922,-0.39944994089076435,0.5177311728814499,-0.715396061555985
2,10,30,0,7,0.2264817549040287,0,8,3,4,0,0,3,0,0,-0.26498483612485185,1.1032314954604026,0.2686919592168103,0.31163140563056413,0.17823242634524197,1.043462861045909,-0.5362089298516085,0.5544135785645773
1,3,31,1,2,0.06818181818181818,1,3,3,2,0,0,4,0,1,-2.8167306143695816,-1.9285542703289338,1.8633349283966092,-1.621342811552042,1.2837914678715214,1.3120936922470563,0.14605269458670514,-0.6066764096407542
1,8,27,1,2,0.07303311537650285,0,8,3,3,0,0,4,0,1,-1.7151355386163538,-0.19178581412039003,0.24691186678716265,-0.17930512247021377,1.566178642142837,0.9728507301276849,-0.6338278809729756,0.10737718794752912
2,5,24,0,2,0.17759966251845602,0,4,2,3,0,0,4,0,0,-1.4656543776047433,0.23837695648161772,0.06460900679753542,0.4380199468161516,1.0326704924889323,0.3939100112835673,0.93305625173775,1.202331254968736
1,5,50,0,2,0.14137312803206076,0,3,2,3,0,1,3,0,0,-1.5771058055736706,0.7514826856956266,-1.7343211834895538,0.9311304877512079,-0.11225793709636267,-1.0794885238634697,0.6045237317238906,-0.02807510028661836
2,17,39,0,11,0.25801518666947904,0,15,2,3,0,0,4,0,0,1.1649540356702617,1.7452111594535336,0.3394464336327406,0.039148785144060914,1.4382048451456702,0.30906396863832375,0.7055175508698708,-0.4164116477367768
2,10,30,1,4,0.19436827673486606,0,8,3,3,0,0,3,0,0,-0.7212269901919369,-0.33836222566884366,0.4734630515669138,-0.04384510237949988,1.0515286112500983,0.5249759582208635,-1.0603243276204248,-0.1334572055318872
2,10,30,0,8,0.2170955494621388,0,10,2,4,0,1,4,0,0,-0.5513223925798045,2.362648456420289,-0.4518692967489391,0.4690743759617209,1.3381668396935766,-0.41261207397952093,0.014904949303452302,1.0051392514668365
5,30,59,0,2,0.9404661463826197,0,3,2,4,0,0,3,0,0,3.5111810351503436,-1.4911177948910415,-1.2626743962357856,2.495113109353568,-0.3991704290702857,0.4469238850131255,1.057712771143146,-0.6646378778889843
3,10,36,0,7,0.5644378823033115,0,8,4,1,0,0,1,1,0,1.8680991686669,-1.0722064751755134,-0.03387955813516535,-2.4520190744991908,-1.7742882813601355,-0.5266262553709771,-0.9885873678819337,2.0138279555457212
1,3,29,1,0,0.07356043028896857,0,0,2,1,0,0,4,0,1,-2.551381851847777,-1.425579109392786,-0.09565249346956375,-0.409245033715448,1.7529066347305593,-0.46874247668826263,0.8436634888221183,0.056922042324557304
1,1,30,0,0,0.05399704703649019,1,1,2,1,0,0,2,0,1,-3.0583497450764696,-1.7743881283338723,1.8495108404676983,-1.382465943985247,-0.397861080073616,-0.5786573114293279,1.2549365082740134,-0.25511407830244043
5,21,50,1,4,0.9975216199114111,0,5,3,2,0,0,3,0,0,2.9155558973415165,-2.2376936515359303,-0.5841228585123331,0.22038694459727512,0.4453198569308994,0.3009125435804276,-0.15747988947565655,-0.9691956116166055
1,17,37,0,1,0.1535013710187724,0,3,2,1,0,0,3,0,0,-0.9606598398946552,-0.5642102044638169,-0.6820468430555647,-0.250487949232995,0.11474962252205542,-0.793645508066571,1.5354423897430345,-0.47906329874371884
3,19,38,0,8,0.5827884412571187,0,10,2,2,0,0,1,1,0,2.6871734722151404,-0.7221201404721963,0.6178772709630059,-0.5374505273711514,-0.6262263792497902,-1.7863357726943336,-0.16550882610725506,1.9061203736465209
2,16,41,1,3,0.27531111579835477,0,14,3,4,0,0,4,0,0,0.35432987234397906,-0.03059247375623845,0.004402107180726608,0.6722714369545126,1.443424866763144,1.3631187563703948,-0.8032546935818765,-0.6514818206106586
1,1,29,0,0,0.058004640371229696,0,1,2,1,1,0,4,0,0,-2.556972298833067,0.3613802900068274,1.5813568366583304,-0.09560243544211815,-1.042379146254524,-0.0007070232615825745,3.6179352253456627,0.7338457587101133
2,12,45,0,9,0.14174224847078676,0,10,3,4,0,0,4,0,0,0.43464032285281573,1.3849213959684932,-0.35952151775746544,0.4170909166520796,0.5356454628181804,1.5524673868054213,0.045173803631518225,-0.3317088155482533
2,6,29,0,3,0.23012022780004218,0,5,3,1,0,0,1,0,0,-0.9866370115753935,-0.35364526561188664,0.11899590038414148,-1.112187701890342,-1.1579206355039975,-0.9324364857740942,-0.2170277250253754,0.030128315119473198
4,23,42,0,6,0.8782957182029107,0,22,3,1,0,0,4,0,0,3.422663062865017,0.3352692797633405,-0.37661446160689693,-1.560338583048927,0.6913059783110999,0.40738074873639496,1.0202503235440379,-0.786682361743516
5,25,48,1,0,0.9099346129508542,0,1,2,4,0,0,4,1,0,3.339712228774048,-3.329684003735375,-0.6244634232056198,1.7095819036152942,1.0897574983151204,0.339901036851062,0.23543696275918166,2.1962192441025907
1,1,20,1,0,0.10108626871967939,0,1,2,4,0,1,4,0,1,-3.2716743002663193,0.3128937854797558,-0.32805839960134914,0.9585130893728151,1.9681315967158555,-0.5292308528127962,-0.7158803978879817,1.5658600955771778
3,13,31,0,8,0.5082788441257119,0,13,3,2,0,0,3,0,0,1.1606990697489021,0.7570426135996513,0.2698646514529338,-1.0650448353120086,0.30761714700749576,0.2989015761775067,0.058386376135892745,0.08398486559679105
2,10,41,0,2,0.2858574140476693,0,3,1,2,0,0,3,0,0,-0.4901867397962989,-0.525693700934807,-0.27821158248028005,1.0618964144184777,0.6322866558001439,-1.1614046451012845,1.768621012929737,-0.029366799093711482
1,4,29,0,2,0.06992195739295508,0,2,2,1,0,0,1,0,1,-2.0088318626386394,-0.40670918796410427,0.24661685516221488,-0.3866461938638774,-0.7197753910506082,-1.7201678217676928,0.4187997693484761,0.09093940043452617
2,9,42,1,4,0.2186247627082894,0,6,3,1,0,0,2,0,0,-0.4600683663456386,-1.185275360626287,-0.0381026209566211,-0.8416267226981595,0.19317120818285566,-0.5993670545380289,-0.5754149155264111,-1.2153916706556303
2,8,36,0,3,0.29756380510440833,0,6,2,4,0,0,2,0,0,-0.458871686871373,0.2298049196250318,0.2329276369947832,1.4883327023067858,-0.19321270141256341,-0.14437841133701532,-0.09931898555462491,0.4467782181599443
2,10,32,1,0,0.3019405188778739,0,0,1,2,0,0,1,0,1,-1.1917082613310546,-1.9075442964417737,0.7735025217697031,1.3665027382777788,0.6135893725229115,-2.2826173660947733,-0.08397839013601062,-0.19102245896381417
2,10,36,0,2,0.2287492090276313,0,3,3,3,0,0,1,0,0,-0.7189247873436262,-0.3432775502475666,-0.14758106114242436,0.4889510599842167,-1.4158256180757882,-0.16661282511470502,-0.6541231343486998,0.0225937833255537
1,8,42,0,2,0.08263024678337903,0,5,3,1,0,1,2,0,0,-1.6652164821960844,0.5641592842047652,-1.6597603659506075,-1.1221045070649975,-0.9792983722415181,-1.5403531277526017,0.11080889039380969,-0.4141711979149884
4,22,43,0,13,0.7938726007171483,0,17,3,4,0,0,4,0,0,3.5550409193508994,1.5268225167881309,0.17327399695638274,0.12460481443668277,0.9136765651757437,1.4901597786335663,-0.15936209769483892,-0.2633778363907006
2,17,36,1,7,0.18419109892427757,1,13,3,4,0,0,3,0,0,-0.2745995239835302,-0.6902109071730269,2.631507737555829,-0.581826963842242,1.1360030304026123,1.4912193121851876,-1.1499722937317896,-1.2447459623034671
2,11,36,0,8,0.24599240666526048,0,9,3,2,0,1,2,0,0,-0.29783402389906355,1.5936154264924636,-0.7947256521509627,-1.0348484558766564,-0.44767719357917424,-1.251031683440675,-0.6097531150523381,-0.04374710957500183
3,10,36,0,7,0.46029318709133094,0,9,3,4,1,0,2,0,0,0.7282756654656225,1.4572022022281192,2.4290644396512713,1.0703256764474873,-2.271533957754235,0.9160688493476093,0.9769089745922305,0.43580570822241577
2,19,38,0,11,0.19647753638472895,0,13,3,4,0,0,4,0,0,1.0195802925566626,1.873747767102161,0.08016229844799336,0.08763095582529752,0.8579986059913921,1.465767902416032,-0.16557795216996044,-0.2838938575578777
1,6,33,1,2,0.09438936933136469,0,3,2,1,0,0,3,0,0,-1.8675539985302738,-1.152029966264236,0.1728862992126592,-0.39486850727162104,1.3107358394487456,-0.9545767475933324,0.36695164409811065,-0.48049634086789456
2,9,45,0,2,0.2860683400126556,0,3,4,3,0,0,1,0,0,-0.39760830522809276,-0.5201488429976258,-0.7873153364863086,0.07311308949106636,-2.163095890860974,0.6725343674176657,-1.0676026869617126,-0.45584121514988946
2,9,27,1,7,0.28954861843492935,0,8,4,3,0,0,1,0,0,-0.4373994917872933,-0.14589965754365525,0.9438302424632616,-0.7248962216949397,-0.34215151894664164,0.3541232692495736,-2.6618914894684527,-0.2657466786654548
2,16,34,1,9,0.18930605357519512,0,15,2,2,0,0,1,0,1,0.5769115376870713,0.2893161217890405,1.4706719500780772,-0.20395409088196687,0.8800664876747274,-1.634696933957432,-1.2444467390140288,-1.2132242113219767
1,6,29,0,4,0.08932714617169374,0,5,3,2,0,0,3,0,0,-1.5808802222865967,0.4102033388216587,-0.16827245001475444,-0.7952781003874982,-0.021343897713453908,0.33438228013549764,0.2494734411256688,0.2959110895290447
2,12,32,1,8,0.2109786964775364,0,11,3,3,0,0,2,0,0,-0.004522406146320914,0.22528665723895308,0.9663135638846747,-0.20165688088608075,0.7585863039208691,0.01997210231838363,-1.6599868376540803,-0.5810435467601632
4,24,44,0,6,0.8077937144062434,0,20,3,1,0,0,4,1,0,4.264916688091335,-0.6688199429211789,-0.4752832171382486,-2.091190519883828,0.42192435345271223,0.03706841143235574,0.93313835703955,1.5182803242974614
4,22,40,1,6,0.6448006749630879,0,20,3,3,0,0,2,0,0,2.6997315776862503,-0.22987185058534443,0.767926231440543,0.010986629446674922,0.6669199744458121,0.036886580092392415,-1.502005780552331,-1.0848841002735792
4,37,55,1,9,0.8345285804682556,0,10,3,2,0,0,1,0,0,4.009491912210649,-1.332394589025122,-0.03370754881796804,0.1752328793033584,-0.35188786709876907,-0.7441477938859421,-1.1362033932151354,-2.4289972167696128
5,21,41,0,16,0.9707867538493988,0,18,3,3,0,0,1,1,0,5.449812238576391,0.3739943017712604,1.140816940175515,-1.0590663055162404,-0.6471236542273585,-0.6679083890830595,-1.4401119345816271,1.8368449254670571
2,7,43,1,3,0.22869647753638472,0,4,1,3,0,0,1,0,1,-0.6488589541072585,-1.1546916756740184,0.8161706941468558,1.9395170296250994,0.6479132912454065,-1.8939468363927079,-0.4508844070261762,-0.6671966653095285
2,8,38,1,2,0.16816072558531955,0,3,3,2,0,0,2,0,0,-1.0527009294873004,-1.326450543364815,-0.015775304643050502,-0.10660235189306345,0.10493083619429461,-0.2216901001470665,-0.850281305046643,-0.6710787565275101
1,2,29,1,2,0.09233284117274837,1,2,1,2,0,0,2,0,1,-2.882984883653733,-2.168452407136348,2.949902282803863,-0.16057084548024453,1.3387521980074486,-1.2075550329281457,0.4045906443223216,-0.5192658066675381
3,17,45,0,0,0.6452225268930606,0,0,3,1,0,0,4,1,0,1.6078786300204575,-2.507947080239918,-1.5803205902081352,-1.1563699550151982,-0.4202366246677503,0.18360511411327585,1.5224871317085116,2.1418435090655397
2,5,34,0,2,0.17485762497363425,0,5,3,2,0,0,1,0,0,-1.0453199801327249,-0.3045626090362246,-0.03768860877349981,-0.3094789776266597,-1.3109574701121538,-0.5332373384350023,-0.43374646950094925,0.0024234326295352864
1,4,38,0,2,0.08442311748576249,0,4,4,3,0,0,4,0,0,-1.6509568731338466,0.2608156004950033,-1.0884574283182022,-0.546783090959658,-0.358328429545572,2.026549049546796,0.020242054923957347,0.21589966086815635
3,24,55,0,0,0.48671166420586376,0,1,3,4,0,0,1,0,0,1.2375626359273146,-1.275596728568764,-1.1465798375887963,1.9659059603151912,-2.0338055259989534,0.28672532692452746,-0.4095064824484726,-0.9072018707382177
3,18,40,0,15,0.49704703649019194,0,18,2,3,0,0,1,0,0,2.618467823902693,1.8332809554454197,1.3381948590319732,0.11363093095807024,0.08738927886521175,-1.106822442405688,-0.754043240512513,-0.8016134245478427
1,2,20,1,2,0.09064543345285804,1,2,3,1,0,0,4,0,0,-3.2547582484893165,-2.035760373950277,2.175315562419354,-2.5044398890415516,1.4949732564341272,0.9028954814077708,0.3009951136940056,-0.16859722096255644
1,8,33,0,3,0.12650284750052732,0,4,1,4,0,1,1,0,1,-1.781497349333213,1.2445500160931238,-0.16513806835049166,1.9113753788203804,-0.17455887348413635,-2.543768700561782,-0.3590088739681452,0.7571727741482251
1,8,31,0,4,0.0710293187091331,0,6,3,4,0,0,4,0,0,-1.3833574275245473,0.9468165441944657,-0.2564211427290394,0.3996363378015219,0.5000127160016775,1.5276177892444143,0.03847541084870475,0.6339701673730048
3,14,40,0,10,0.49108837797932925,0,11,3,4,1,0,1,0,0,1.5063803151643311,1.7710396060371132,2.7170141788240367,1.0718246257481856,-2.691591242677733,0.42524892918656965,0.48760275417001026,-0.1287849454630732
4,32,50,0,2,0.8883674330310061,0,2,3,1,0,0,4,0,0,2.7230235502292466,-1.753892603944734,-1.7907801584204877,-0.36910550695591143,-0.25190846253479515,0.5425923479099598,1.7844447268638903,-0.9370155919775682
1,6,27,1,2,0.08284117274836532,0,4,3,4,0,0,4,0,0,-2.028354087471521,-0.26190295202729125,0.22288825360074244,0.5747339603438109,1.4666911708416146,1.3646550922442853,-0.9015968282775877,0.4900195148968302
3,15,36,0,8,0.3855726639949378,0,12,3,1,0,0,4,0,0,1.1311861281080324,0.5684462801705372,-0.30616222048643904,-1.6323179725932004,0.6962532072365066,0.42389715025970964,0.9354709000284925,-0.3944449844397288
4,35,53,1,8,0.822031217042818,0,9,4,2,0,0,4,1,0,4.556033262240702,-2.087845077085817,-0.9189762082208562,-1.4013337791683487,0.49267677579889063,1.0690414962685542,-0.5713685863831894,0.5099528777296883
2,10,42,0,0,0.23882092385572665,0,0,4,1,0,0,2,0,0,-0.8944782122659115,-1.2248400913126543,-1.3381417002190312,-1.1499458171835877,-1.7606463870959113,0.4203677529606257,0.12128149403550463,-0.5501431292891362
2,17,37,0,0,0.21904661463826197,0,1,2,4,0,0,3,0,0,-0.616317553450115,-0.4154544603302076,-0.5136358893020083,1.8218505811761576,0.009607405563133053,0.34133908532368024,0.6255787600577422,0.34846207545526503
4,22,43,0,1,0.8516135836321451,0,4,3,1,0,0,2,1,0,2.924243799045847,-2.585756051078442,-0.892823585894101,-1.0938892469998494,-1.308302396014003,-0.7795360651610399,0.5659143795001651,1.9246799448667298
1,1,23,0,0,0.011284539126766505,0,1,3,3,0,0,4,0,0,-2.744420666586344,0.11393356541796507,-0.40930376634213306,-0.10170486918809186,0.3451006276209872,1.2008474679145262,0.4392038345821288,1.2542789667000702
1,12,52,0,4,0.10235182450959714,0,5,3,1,0,1,3,0,0,-0.9524454204532627,0.694102239228281,-2.183084233822779,-1.049107489324979,-0.5728474529757521,-1.053154915831195,0.6652018339152523,-0.9910107857308613
1,3,29,0,2,0.14506433241932082,0,3,3,4,0,0,1,0,0,-1.8599608730475097,0.23791846202319072,0.2919893356895916,0.8353856120449752,-1.227552098995247,0.1643256589954076,-1.1744592993063707,0.7141636874393492
5,29,50,0,3,0.9349820712929762,0,27,2,3,0,0,2,1,0,5.588278865858672,-0.6998039828111349,0.2290591507354107,0.1949325342217636,-0.20469985772129484,-0.9397279626194543,0.11362189215727383,1.3528182854801725
2,20,42,0,16,0.20554735287913942,0,20,3,3,0,0,2,0,0,2.055228103341618,2.5296724797679024,0.8373930310528616,-0.752987453619721,0.14641319426704807,0.1162132055617806,-0.9526627523773644,-1.2596342943587107
2,6,34,0,3,0.17902341278211348,0,4,4,3,0,1,2,0,0,-1.4404302359130357,0.9538002067113118,-1.3775655674470961,-0.6858535611884944,-1.3302180101656884,-0.02701194185321089,-1.2869409765517419,0.5637458414856574
1,6,32,0,3,0.1540814174224847,1,4,3,2,0,0,3,0,0,-2.16047306528401,-1.032193773533256,1.6080885380178327,-1.663018375885898,-0.23192450916881086,1.001644113338484,0.677824029665337,-0.3495143191022793
2,6,56,0,0,0.23048934823876818,0,0,2,1,0,0,4,0,0,-0.6980719891155756,-1.2740815914472348,-1.6817146668648149,0.24430359195171364,0.10457264477349848,-0.15205522975540423,2.3358324102328925,-0.7686411739439003
1,5,27,0,2,0.14801729592912888,0,5,3,2,0,1,4,0,0,-2.2360276194131394,1.1525903091933993,-1.3681619496457924,-1.0928968129351773,0.4239492803061894,-0.30578607560666426,0.35464662534409436,0.9723052861901941
1,7,40,0,3,0.12486817127188357,0,4,3,1,0,1,3,0,0,-1.712242409002854,0.7087450767381809,-1.7545000593673281,-1.3019699375139666,-0.3778777308386196,-1.082194447959603,0.48056249454205874,-0.1278505338385275
3,17,37,0,0,0.4766399493777684,0,1,3,3,0,0,1,0,1,0.24610193786655316,-1.1370129374987006,-0.45379188766815465,0.8183779636752317,-1.62839195183123,-0.14017665839607354,-0.4420279189228841,0.05870186343684011
1,1,33,0,1,0.052678759755325884,0,1,2,3,0,1,2,0,0,-2.6690931688587365,0.7744283038555192,-0.9430635980794428,0.6878551178541767,-0.365937336493653,-1.5959970782747377,-0.07824646476023035,0.8981852552700255
2,17,36,0,7,0.22294874499050832,0,7,3,3,0,0,3,0,0,0.2394242246811935,0.6903027858774167,-0.18330909291557013,-0.07646033206845058,-0.00027279584984823995,0.6886353549931485,-0.02765157972534051,-0.19079398502205866
1,8,39,0,3,0.14480067496308796,0,8,3,3,0,1,3,0,0,-1.4057034448090615,1.3956269839051842,-1.3851091776392157,-0.18903862099426727,-0.2400051691579851,-0.3817615349423001,-0.2767981242860886,0.23496540082918146
2,12,36,0,7,0.21461716937354988,0,7,3,4,1,0,1,0,0,-0.07345217604544875,1.56647915117992,2.529501912729849,1.1945382087640253,-2.8432523029087777,0.4305774950292386,0.576416349847372,0.06539504571982976
2,10,36,0,7,0.22247416156928917,0,9,3,2,0,0,3,0,0,-0.04066275166428411,0.6661212230949076,-0.12721625761156918,-0.8368689733650438,0.0635689180149378,0.33800098663372397,0.21762573517481087,-0.21474469692514184
2,18,37,1,0,0.16810799409407298,0,1,3,2,0,0,3,0,0,-0.8326708893991251,-1.6721642008635957,-0.5163616111456781,0.03167037656484858,0.48065233157920767,0.22837632749434542,-0.24822943651967558,-0.7431681582009796
5,31,51,0,10,0.9933558321029319,0,29,3,2,0,0,4,0,0,5.477997973307505,1.0890371527047902,-0.18767512817944754,-1.0458243896777426,0.8622185960681319,0.7498134730688445,0.6161679691233695,-1.4312482182962578
4,27,49,0,2,0.8122758911622021,0,4,3,2,0,0,1,1,0,3.436590245772467,-2.437871952655935,-0.8066629579329551,-0.2247722362706573,-1.9250614177653564,-0.8756322522943634,-0.09987743001529872,1.4842411575057393
1,6,43,0,0,0.07530056950010547,0,1,2,3,1,0,3,0,1,-1.7595883623680502,0.4154940359473964,1.3848293914800895,1.6695004365575474,-1.8828108168789648,0.31225086955630577,2.8029669320983936,0.1444946594740851
2,4,33,0,2,0.1736448006749631,0,3,3,2,0,0,4,0,0,-1.3168558451457808,-0.16641515640780474,-0.7113531105649011,-0.5811819823939397,0.2547191218248308,0.8741302942187215,0.8694815644565429,0.49561893348100733
3,13,46,0,7,0.5186669479012866,0,8,3,3,0,0,4,0,0,1.2818922256391143,0.3194857466232426,-0.689417486444315,0.07363727087874629,0.3275806119169204,1.2337070247847903,0.5583392715737846,-0.2239390761978531
1,5,56,1,2,0.08321029318709133,0,4,3,4,0,1,1,0,1,-1.53572749341796,-0.07426439362884768,-1.1979647011983807,1.3519381005038973,-0.7925535001241815,-1.0036314550949126,-2.0523151601681717,-1.0300386316272279
2,9,32,0,7,0.1929445264712086,0,8,1,4,0,0,4,0,0,-0.31124236040659936,1.1679433063113687,0.579898801661608,1.5279609649857158,1.769554069605999,-0.06294207311084889,1.0569176536663971,0.7305393396057325
2,10,30,0,8,0.4590276313014132,0,10,2,1,0,0,2,0,1,0.33425729034182555,0.4724199478176274,0.6389219246333304,-0.9512602008384161,0.2818331208022346,-1.3286209060900733,0.5418624055926548,-0.05512327465407779
2,4,27,0,2,0.16968993883147016,0,3,3,4,0,0,1,0,0,-1.4300411075454416,0.09200970632870606,0.3725965209465768,0.8389155380046618,-1.199125058824248,0.1760527560401892,-1.1928891425300545,0.876187595244979
3,18,42,0,7,0.6506538704914575,0,13,3,1,0,0,3,1,0,2.9036161665163593,-0.775102368537472,-0.31477721156462835,-1.9625338840768385,-0.17521531215557162,-0.4123624861752709,0.5069774841511581,1.67616550446037
1,1,20,1,0,0.08389580257329678,0,1,2,1,0,0,4,0,1,-2.8759282833277893,-1.2041876599392227,0.3190907170369664,-0.6870929504579377,1.9817342600299974,-0.5103035088292835,0.6519319810438716,0.5815926639994325
1,4,50,0,2,0.15112845391267665,1,2,3,2,0,0,4,0,0,-1.9126835324620426,-1.4925228391529097,0.564496884812808,-1.2021753627270615,-0.19707634326710077,1.5780096959107814,1.4900708367935644,-1.0409195767022643
1,1,19,1,0,0.004904028685931238,0,1,2,4,0,1,2,0,1,-3.4241811894482095,0.23473594982428492,0.14268930694791981,1.1298621351330242,0.9284901459271773,-1.4654311822198969,-1.5988170634493997,1.3179070440369653
1,3,31,0,2,0.10852140898544611,1,2,3,3,0,0,1,0,0,-2.5757740652998615,-1.1905343365465202,2.073496664578327,-0.7549920689734124,-1.3672459526808733,0.4566358051676557,-0.47672633369179745,-0.1793654446924907
1,3,29,0,1,0.06053575195106518,1,3,3,4,1,0,3,0,0,-2.858530248850235,0.006002382446677829,3.905801810825911,0.11769636798912954,-2.0724816655089637,2.0382265098171883,1.8620744610213948,0.46680430402276313
1,8,42,1,0,0.15603248259860789,0,0,3,3,0,1,4,0,0,-2.163518382874246,-0.39856054918621847,-1.707347784439713,0.3400469875249182,0.8864092374602801,-0.014719187153500303,-0.49044000060805365,-0.05973257533766868
2,10,36,0,9,0.2459396751740139,0,10,2,3,1,0,2,0,0,0.1823646198671638,1.8811461820489193,2.7801732180314955,0.8689473489253914,-1.5782282879812195,-0.2825976391583357,1.7567973065107982,0.015778376360382818
4,22,42,1,9,0.6722737819025522,0,21,3,1,0,0,3,0,1,3.0660290306169338,-0.16893081878290184,0.5144942254007062,-1.5075859636504778,1.3259924877373133,-0.24151915647444352,-0.5077532951390235,-1.5736541238421087
4,28,46,0,15,0.8457603881037756,0,26,3,1,0,0,3,0,0,4.740381730014355,1.5771776424482669,0.37220966563673974,-1.9628018509519831,0.6341325562648656,-0.13559005540300403,0.25240270457670605,-1.6131718452479091
4,21,39,0,9,0.5812064965197216,0,20,2,4,0,0,2,0,0,2.916614985015872,1.2992395380159865,0.9093407292456606,0.9645920199335951,0.3701614496043982,-0.23801908424720516,-0.4401626797963681,-0.29649756796411114
1,1,30,0,0,0.08879983125922801,0,1,3,3,0,1,4,0,0,-2.8404568496187226,0.851093607789425,-1.6236604648535755,-0.1725585777660756,0.16123650568265335,0.1210866114888811,0.20139327099553048,1.2678425914665876
2,10,36,1,4,0.25316388947479435,0,10,2,4,0,1,1,0,0,-0.6998208386629565,0.5960763222872899,0.20145293300487804,1.2665300984239232,0.4356678205290613,-1.93030369164251,-1.9808662611446148,-0.07871441376694346
1,10,41,0,7,0.09328200801518667,0,7,1,4,0,1,2,0,1,-1.001937649682715,1.9188087637683637,-0.34523671554614843,1.696835481623235,0.4656792451979505,-2.0870751794012827,0.002267748051247502,0.20181027015677463
1,4,22,0,2,0.09518034170006327,0,4,2,3,0,0,2,0,0,-2.078809135876439,0.32524810283543015,0.5743634689988023,0.5330985258422845,0.029631026620721146,-0.5688247048778885,0.01835816942388883,0.9746728841918714
1,3,21,1,2,0.061432187302256906,1,3,2,2,1,0,1,0,1,-3.1496549083079968,-1.2197950320182736,5.3305034242666816,-0.4519191403207767,-1.336613692907601,-0.6351257352355327,1.08288626240888,-0.2510214328358809
1,10,41,0,6,0.124815439780637,0,10,4,3,1,0,2,0,0,-0.5251664503750948,1.6951368256039478,1.7683817957034005,-0.16788831117957032,-2.927512027610251,1.3231667907350626,0.8112077359681625,-0.4779286757131184
3,24,45,0,7,0.5189833368487661,0,7,1,1,0,0,2,0,0,1.8464366203983074,-0.40077615576616576,0.022140015338545028,0.3933026605394427,0.3260549647357735,-2.0515951359660205,1.5852339440256449,-1.0378628228160027
2,6,29,0,4,0.4136258173381143,0,6,3,4,0,0,1,0,0,-0.5048908393488039,0.31432927644578107,0.5220013393124234,0.7101099096951395,-1.0685449481285179,0.1480059874040109,-1.2671092694614667,0.7390112583129081
1,1,51,0,0,0.09038177599662518,0,1,3,4,0,0,3,0,0,-1.6743114400770869,-0.2865280617460777,-1.1954350690727895,1.347416516685099,-0.7990067288541849,1.233139889863377,0.17424004543921043,-0.07737932055267208
2,16,34,0,10,0.24984180552626029,0,15,2,4,0,0,3,0,0,0.8874068862487948,1.8364485743381533,0.7959982857802654,0.6950600152918529,0.9718902613382161,0.19353636003863692,-0.11342555077328136,-0.007431642005644225
1,15,40,1,4,0.053206074667791606,0,5,3,1,0,1,4,0,1,-1.4331732036349154,0.1080763832898109,-1.4591345223017969,-1.3227746255795492,1.2498697762787747,-0.8282972900714543,-0.07591648205619085,-0.8960677942223066
3,20,42,0,0,0.6423750263657456,0,1,3,1,0,0,1,1,0,1.795926852123365,-2.6591219623692055,-0.8086236177757798,-0.934932991438083,-1.929200453294651,-1.2447697438016632,0.1824706733810851,1.8128174803591997
3,11,39,0,6,0.38114321873022566,0,7,4,3,0,0,4,0,0,0.5610029405171459,0.36970946603784555,-0.796801358455189,-0.6800162635306688,-0.14007927127084563,2.012936824987135,-0.0971928543613282,0.09846764286504658
1,7,40,0,2,0.07266399493777684,0,4,3,2,0,1,2,0,0,-1.8493925787978276,0.7465737783865456,-1.508214394330711,-0.5147951993114659,-0.9551292010565711,-1.1766955789666877,-0.2463537292507905,-0.044027418722896505
3,10,45,0,8,0.339168951697954,0,10,3,2,1,0,1,0,0,0.9503102505853473,1.101750876749153,2.195140597359826,0.03397450156007436,-2.929772991167992,-0.24650062490976513,1.305944464713258,-0.7087449980947728
1,20,40,0,3,0.052309639316599876,0,5,3,3,0,0,3,0,0,-0.5910541896925248,0.25804977332550716,-0.7349117725162847,0.2868862642516363,-0.33798470207000325,0.7104480035711289,0.24469351292213518,-0.544942879163689
3,11,34,0,2,0.4714722632356043,0,3,3,1,0,0,2,0,1,0.04347824972176904,-0.987052122823181,-0.47227604427370573,-0.8576419621498286,-0.8705819523234335,-0.42014448441997854,0.44019481198818466,0.015710575760855716
3,10,32,1,7,0.5352246361527104,0,7,3,4,0,0,3,1,0,1.4761365230573298,-1.164515257225133,0.7482662599413563,-0.07715586086629801,0.948493822044606,0.5190211718564106,-1.592788575429582,2.659866300258914
3,19,50,0,11,0.6464880826829783,0,14,2,1,0,0,4,1,0,3.575270435833251,-0.2676305989177166,-0.25645888839701136,-1.4749418949376945,0.9624434795319019,-0.7353148799413847,1.4720587938717573,1.2951540228741256
1,13,37,0,8,0.09407298038388526,1,9,3,4,0,0,1,0,0,-0.9672881825950976,0.10379120474351664,2.4745261838999895,-0.46646307024670536,-1.0155994184350239,0.7409381474794331,-1.0170942076429654,-0.9373442582202298
3,9,29,1,7,0.34507487871757014,0,8,3,4,0,0,3,0,1,0.0965774106100993,-0.009689049648323988,0.8409892580506214,0.44173761432857217,1.2188442603921268,0.8922167251973991,-1.5213031409493722,0.2666082286018164
3,9,31,0,2,0.4549673064754271,0,3,3,1,0,0,1,0,0,-0.1689271074597385,-0.9980816016417522,-0.11403495486366236,-0.8494590232900492,-1.3320262107779621,-0.8936733303498643,-0.057129022330850834,0.11122252550509368
1,5,38,0,4,0.14200590592701962,0,5,2,3,0,1,4,0,0,-1.710566604509104,1.4210085564453914,-1.271827314921569,0.34411253944180503,0.8406829369272314,-0.6942483090410778,0.7022685977694311,0.6300187581804731
2,7,27,1,7,0.47310693946424803,0,7,3,3,0,0,4,0,0,-0.34472578251824626,-0.1029237182148744,0.5835571451198767,-0.35963501638885526,1.7766537490775212,0.9698254828350878,-0.7863320210522358,0.3761130315432983
1,7,41,0,0,0.06480700274203754,0,5,3,1,0,1,3,0,0,-1.964878328190233,0.43734891671911613,-1.9606787677815771,-1.1465611462369054,-0.5259721060298823,-1.0623055945204447,0.5947552384241631,-0.17216730923780055
5,21,40,1,7,0.9817021725374394,0,20,2,3,0,0,3,1,0,4.648866904908513,-1.3230198883794968,1.0187602025447595,-0.09848774825295166,1.6111996048483677,-0.6586805997433206,-0.683996574684502,1.8491583092604407
2,8,30,0,3,0.16378401181185404,0,4,3,1,0,0,3,0,0,-1.0608554030170556,-0.22989893758295143,-0.41692482401584396,-1.2454635725587417,-0.14576012488285361,0.003569666321377689,0.6886542139061329,0.1313360565818311
2,10,30,0,7,0.13087956127399283,0,10,3,3,0,1,3,0,0,-0.7786024868889321,2.025122565482934,-0.7007767457300033,-0.6515516554273539,0.20146733365783917,-0.44304067151682186,-0.6149084613365943,0.5663093864793344
1,1,34,0,0,0.052678759755325884,0,1,3,2,0,1,2,0,0,-2.7385442676111054,0.4378856458945039,-1.445736504624036,-0.502732660470252,-0.9946967332018448,-1.1563017221239857,-0.25516001130880156,0.581095000749411
2,5,40,0,4,0.191415313225058,0,5,3,1,0,0,4,0,0,-0.7412175949025166,-0.1188633900592479,-0.8894307842002613,-1.2086734765783949,0.2506871835022638,0.5162953075408738,1.2148678349642774,-0.2035934645182863
1,2,29,0,2,0.06791816072558532,1,2,3,2,0,0,4,0,0,-2.8419604559281813,-1.0709456377777833,1.4127925402621828,-1.7565729201441507,0.27054294720948235,1.4847756753387717,1.1004927904424933,0.08061570769328305
5,25,46,0,2,0.9529635098080573,0,4,3,2,0,0,4,1,0,3.8015095058947828,-2.385709791321677,-1.2997823831137796,-0.5689991572777772,-0.27530758248060466,0.539016452995672,1.1391231304672542,2.2337822664970477
3,12,41,0,7,0.37861210715039023,0,9,3,3,0,0,3,0,0,0.9053237610075319,0.5022790483693713,-0.23187357800728808,-0.004609314262854418,-0.06199712716752942,0.7432494364686855,0.004347488084686056,-0.15890058350871716
2,10,39,0,2,0.249261759122548,0,3,1,3,0,0,1,0,0,-0.5627911807471716,-0.4282391359011512,0.3317990716396838,1.8455281503556764,-0.3817681861866016,-1.7383778795782001,0.5379879724876164,0.026391585802433143
1,8,29,0,5,0.12033326302467834,0,7,3,2,0,0,4,0,0,-1.2454792262409369,0.7231980612292712,-0.2680594508501615,-1.0032289545972413,0.6114534400057129,0.7766347582537684,0.6148701082650035,0.2965921936182307
4,31,52,0,2,0.8197637629192154,0,5,3,4,0,0,4,0,0,2.8166223447896135,-0.8991249876726136,-1.458104334063723,1.46277227452602,-0.19581878166396716,1.6349604910340638,0.7455680279902778,-0.4832381164926411
1,8,37,0,4,0.10477747310693947,0,6,3,3,0,0,3,0,0,-1.119470167506582,0.5310023046701162,-0.37225708777393696,0.023461113791314676,-0.16957362302421092,0.7253245877602386,0.05130788167424692,0.005944475368940992
1,8,44,0,2,0.11527103986500738,0,2,3,4,0,0,3,0,0,-1.255626233887552,0.08562373664833263,-0.8294541477670324,1.084216860822197,-0.5301746699450371,1.156921068752606,0.0013055830602498415,-0.0007975170944902203
2,5,45,0,1,0.17280109681501793,0,1,3,1,0,0,1,0,1,-1.0140178424629225,-1.0935386816243164,-0.7815682484395059,-0.47057116163850105,-1.717635189915772,-0.8180666754767292,0.2139926086345992,-0.6730802215181233
2,5,47,1,0,0.10372284328200801,1,0,3,3,0,0,2,0,0,-2.010565952715006,-2.8064826622016645,1.512444895121456,-0.1004909504036139,-0.32897533736628104,0.8674060759218013,-0.600258134203196,-1.3281844868262282
1,18,37,0,7,0.10678126977430921,0,18,3,1,0,1,4,0,0,-0.13422321500381057,2.2689309263935926,-1.2051111570842543,-2.095229648647532,0.7831581899573113,-0.7656277238571498,0.4928595076318546,-0.6612936231455676
2,8,41,1,4,0.2628137523729171,0,6,3,4,0,0,2,0,1,-0.44193731038230727,-0.5798391274667449,0.307765717928166,1.0265084803230868,0.2312180080098109,0.49272610526032357,-1.5995494101547407,-0.46079842986187164
2,15,57,0,2,0.3029951487028053,0,3,3,3,0,0,4,0,0,0.292427043597648,-0.520558070040332,-1.6829756914400147,0.761316466390296,-0.29369517738036444,1.31487791964786,1.0438912053514813,-0.8465901514460679
1,0,18,1,0,0.04719468466568234,0,0,3,3,0,1,3,0,1,-3.540567665224046,0.042737739374420394,-0.4547214642895143,-0.24058682253202457,0.9011501559848312,-0.567577672244524,-1.4059733742018952,1.2871707929328726
2,9,32,0,1,0.29835477747310696,0,5,3,4,0,0,3,0,0,-0.7829993512089953,0.06561178029127256,-0.3070751807936254,0.8011724169661856,-0.25591328606311786,1.1102362772223655,-0.20191940158333932,0.7401668047749339
3,11,33,1,0,0.3983864163678549,0,0,3,1,0,0,1,0,1,-0.5758700485780438,-2.3452512138560553,0.04359746363121771,-0.4601874270716279,-0.531064352122679,-1.0358269831960698,-0.8483016886045976,-0.5038697330294449
1,4,32,0,0,0.06881459607677705,0,3,3,4,0,1,4,0,0,-2.52076567550004,1.1622536920295194,-1.5675763127499016,0.4657409175923218,0.1707140090479783,0.4749887705939658,-0.1178185535663774,1.2138426228328265
1,11,39,1,0,0.13905294241721156,0,1,2,1,0,1,1,0,1,-2.007201421920141,-0.9603360667640464,-0.8332031080050801,-0.06562608907045224,-0.08200253858470974,-2.9652046391720606,-0.5941212183140131,-0.7499663047465188
3,31,58,0,9,0.4745306897279055,0,10,2,1,0,0,3,0,1,2.8708080403053886,-0.06749085128794552,-0.8459704365944937,-0.1803194398317632,0.1929134356791947,-0.7819745064769619,1.580303827866002,-2.060935358474136
2,10,31,1,5,0.29387260071714827,0,6,3,4,0,0,2,0,0,-0.5211744880714962,-0.327885742231101,0.7469160195133729,0.736634575639683,0.49761900394481645,0.4309039564096371,-1.7997437239518677,-0.005534216943736127
1,6,39,1,2,0.15265766715882725,0,5,3,1,0,0,3,0,1,-1.4713269076835858,-1.1462496808383977,-0.2874660781238044,-0.9467108003170517,0.6815029993253223,-0.14349971961929706,-0.1321696400775726,-0.8818265541504967
3,9,27,0,7,0.3376397384518034,0,9,3,1,0,0,3,0,0,0.19956993185437127,0.3699414669623895,0.1579576756869142,-1.6525883007306452,0.24287806048331292,-0.04255477473073614,0.4023363603520369,0.2277569262574278
1,6,44,1,4,0.10161358363214512,0,6,3,3,0,0,3,0,1,-1.1613236954527375,-0.4582907587795025,-0.12050074343272114,0.29387755025584794,0.7130296905711091,0.5921689580799724,-0.8163757823085652,-0.821390944800998
1,8,45,0,3,0.06649441046192786,0,5,3,4,0,1,4,0,0,-1.5320172676393673,1.4393863741372408,-1.8529507797459899,0.5898854555038993,0.08558324146008822,0.4939480965080737,-0.021549730011605667,0.27408452237729114
4,22,40,0,3,0.6588272516346763,0,22,2,2,0,0,3,0,0,2.731583558870503,0.28504757791074203,0.11880131378888663,-0.0932117852071475,0.6111537680877949,-0.4715585853889199,0.8889578860652881,-0.5481306630520861
3,14,47,0,8,0.5773043661674753,0,13,3,2,0,0,3,1,0,2.8085766216376093,-0.4460602277665058,-0.3032830698224186,-1.2994164827021217,-0.2184746960306666,-0.015671643222486147,0.18757474179186864,1.6919713048095457
1,9,34,1,2,0.06865640160303733,0,3,3,2,0,0,4,0,0,-1.739519165183316,-0.8652143658088859,-0.3202727458197733,-0.4553791887399942,1.269805890951997,0.6639257814881175,-0.06997615193750163,-0.39233673758810655
2,20,44,1,11,0.1862476270828939,0,20,3,4,0,0,4,0,0,1.5006659468432384,1.3789684899736951,0.5906341088487927,0.11712959385801232,1.946248698113544,1.2818742044753078,-1.169912364761643,-1.331461304730593
2,17,36,0,7,0.191415313225058,0,15,4,1,0,0,1,0,0,0.6584365154819318,0.703330774835467,0.04691084742188397,-2.0543455121189496,-1.4067686799936134,-0.22040026024263784,-0.9485701435552201,-1.1422522755154776
1,3,27,0,2,0.1904661463826197,0,3,1,3,0,1,1,0,0,-2.286622824921688,0.9223310527151924,-0.06945072305251446,1.1807676101373399,-0.11742105951849102,-2.9090024418150673,-0.10093510190238854,1.1170871834871914
1,6,24,1,3,0.11564016030373339,1,5,3,2,1,0,1,0,1,-2.6125328715916734,-1.0552703183715255,5.020489129123949,-1.111096494249195,-1.8545429710790176,0.14468298931151333,0.5114346904981883,-0.6219750080151704
3,20,39,1,6,0.5235709765872179,0,19,3,3,1,0,3,0,0,1.793801469853128,0.8660490627047294,2.682858955189189,0.3241908453229294,-0.5811559263261963,0.7787335869114711,0.7317568322370637,-0.8539054160124407
1,2,36,0,0,0.12544821767559586,0,1,2,3,0,0,4,0,1,-2.062514717306758,-0.2045914394101362,-0.6310284337197911,0.8840835884374743,0.6048850276941579,0.46576864757374903,1.2519509029472762,0.6821181396881315
3,16,50,1,2,0.43234549673064754,0,2,3,4,0,0,3,0,0,0.5637472297719591,-1.5043740644372865,-0.6181801398614176,1.5267424421724984,0.3203054947275201,1.03131428863522,-0.7757331938968554,-0.7620494820061814
4,22,41,1,10,0.7912887576460662,0,22,3,2,0,0,4,0,0,3.362786070415104,0.2391523482186625,0.5418249079764301,-1.083471439016386,1.9607771676151944,0.5716750966474144,-0.482160750580728,-1.159661303071751
2,10,31,0,2,0.27262180974477956,0,10,3,3,0,0,4,0,1,-0.4694634386999056,0.4495876581229676,-0.3465680495879274,-0.18080905187714183,0.47860057319083515,1.1717959010863808,0.4093363360893439,0.5067524215374422
5,21,39,0,9,0.9630352246361528,0,21,2,4,0,0,3,0,0,4.00449151852504,1.0013728753297153,0.7540881303721663,0.9025309403954584,0.9074058703245607,0.24429900786697975,0.0036448716072307414,0.11600180656683942
1,6,44,1,3,0.0752478380088589,0,4,3,4,0,0,2,0,0,-1.369108057595275,-0.5807969733820442,0.054013159121377545,1.1518017638383728,0.08095335936137654,0.5075930677444196,-1.5016396925742326,-0.6735946411130114
2,5,33,1,3,0.1745939675174014,0,5,2,2,0,0,4,0,0,-1.2055093882234078,-0.8075000294494583,0.21987847314626824,0.05232211660869159,1.9407910785703701,-0.11278306088521807,0.3886425607203044,-0.05864092338045587
2,6,33,0,0,0.3213984391478591,0,5,3,3,0,0,3,0,0,-0.9655259140213804,-0.28112972926975766,-0.47566878205257845,0.22672359145944332,-0.32871522515979607,0.7670694081056189,0.1706833166999504,0.613801895930819
2,9,37,0,2,0.2489981016663151,0,6,2,4,0,0,3,0,0,-0.5573016732585528,0.20652669337504725,-0.10411424733587048,1.4723612500756347,0.26425019189640725,0.33016094690516284,0.39151715580101915,0.4727824171857196
1,17,37,0,4,0.1288230331153765,0,5,3,1,0,1,3,0,0,-1.1156037969044683,0.8899467042289382,-1.6487604954655226,-1.3840454840007501,-0.2542684043123147,-1.1428076117110026,0.43785344546763366,-0.3535664919494547
1,5,27,0,3,0.10715039021303523,1,4,3,1,0,0,3,0,1,-2.466865729483278,-1.1133907052306986,1.7174312301576362,-2.4343724328024208,-0.1238636755585602,0.6168953637570789,0.9137209963744581,-0.2952232559246793
1,6,29,0,2,0.08104830204598186,0,2,2,2,1,0,3,0,1,-1.9935611489184342,0.7528698266549343,2.0095807458096413,0.5361045348100724,-1.4500882427372341,-0.13789005963576326,2.790615088329247,0.6017381509337283
3,24,44,0,6,0.4871862476270829,0,22,2,4,0,0,1,0,0,2.582103916928905,1.109708506247676,0.7506319167002842,1.2678166294215212,-0.3632703666486191,-0.7052286301752957,-0.694243099853805,-0.893458948763789
1,5,23,0,2,0.09544399915629614,0,3,4,1,0,0,1,0,0,-2.070136588863596,-0.24448394584161476,-0.08815173928698797,-1.8412596930049463,-1.6639609493761076,-0.17183115223729964,-0.8359116071128244,0.21656997487395233
1,7,43,0,4,0.05695001054629825,0,5,4,4,0,0,4,0,0,-1.1454987992509658,0.7066690813968118,-1.0532480587225657,0.08821093040112434,-0.33862364349790885,2.386993010279296,-0.3071498902813728,-0.02383539057847847
1,10,29,0,7,0.12286437460451381,0,7,3,3,1,1,2,0,1,-1.4504028207051598,2.7104232982787977,1.5568671943422145,-0.039330486154258264,-2.171524744576771,-0.631398215554126,0.8218248742916775,0.608868014209905
1,8,27,0,6,0.1985340645433453,0,7,2,1,0,0,4,0,0,-1.0935535308832787,0.602980901998402,0.08121510395994833,-1.0971300057300877,1.2503462134874268,-0.397907872126366,1.4479345627954066,0.2890962741194037
3,14,46,0,7,0.33247205230963933,0,8,3,2,0,0,3,0,1,1.0297251201398583,0.16866093072455896,-0.5879172650739919,-0.46351908391910296,-0.20708844780323404,0.40130552072366865,0.4573547445904425,-0.7088340175782536
1,8,32,1,4,0.10699219573929551,0,5,3,3,0,0,3,0,0,-1.4863318493691355,-0.3474672072028746,0.29327941524782886,0.04214486372092332,0.9453290294910872,0.5326025585312545,-0.9934077406342042,-0.22979360010631858
3,10,37,1,0,0.34976798143851506,0,10,3,2,0,0,1,0,0,-0.0006027207670063147,-1.4605524190250383,0.35691082530852813,-0.08198886402386228,-0.33963648511221,-0.6989414386001755,-1.3217565404258573,-0.7362618037943327
2,12,30,0,9,0.10878506644167897,0,12,3,1,0,1,3,0,0,-0.4518045158413415,2.0069511635901516,-0.7136145638703816,-2.0835425815667468,0.34510653434485283,-1.202217838466425,-0.054360374115274654,-0.036591364085182626
2,8,38,1,7,0.15919637207340223,0,7,2,4,0,0,4,0,0,-0.4525378962602633,0.1529289110590586,0.5236109301796588,1.1738434321882536,2.0954186283718634,0.5940297847400475,-0.3724785065307869,-0.14797605958275387
2,6,33,0,2,0.23708078464458976,0,6,3,4,0,0,4,0,0,-0.9059735152358064,0.39401324292422096,-0.42781647966633907,0.6032891013141983,0.3403991429905881,1.5805755469357041,0.15966596245831163,0.8231698033451887
2,10,43,0,7,0.24625606412149337,0,8,3,3,0,1,4,0,0,-0.29910966400580064,1.666288535711337,-1.4993292758692556,-0.3471547165479753,0.39079343639577147,0.09467292575673535,0.09121290847006734,0.12193236792452042
2,10,32,0,4,0.27478380088588905,0,10,3,2,0,0,2,0,0,-0.23898164360231416,0.3036623462816437,0.08496763890199122,-0.6966025579813022,-0.5092114218234045,-0.13344742350035635,-0.17785139877870465,-0.04451506278179829
1,6,31,0,2,0.1301413203965408,0,5,3,3,0,1,2,0,0,-2.0282647233311635,1.1310291169878035,-1.0056688445277817,-0.14766430079101495,-0.7244876131391331,-0.8575506066172243,-0.7620261764697452,0.6898980788087519
2,9,52,0,2,0.11284539126766505,0,5,3,3,0,1,4,0,0,-0.8643824704217492,0.7988195865112458,-2.2912077187015516,0.24635068430378243,-0.14083258790088726,0.19062645793229296,0.4944283661562968,-0.21426797281232624
4,23,44,0,11,0.6491773887365535,0,12,4,4,0,0,4,0,0,2.934595822357269,1.0295274337742237,-0.4969197831256803,-0.20836840986964206,0.10412814384133928,2.3244564017759997,-0.5335285385999102,-0.3500235525954513
1,8,29,0,3,0.08031006116852984,0,4,2,4,0,1,1,0,0,-2.001814118144548,1.3562236103630456,-0.3075055517953618,1.166993580251577,-0.6358063168890413,-1.7695480464891846,-1.0015686450414316,0.8642594034951921
1,8,33,0,4,0.0752478380088589,0,5,3,4,0,1,3,0,1,-1.8014041633961064,1.668451765495581,-1.095188091685666,0.33300531697932223,-0.13130015793892313,-0.03653691350744499,-0.7018556595240921,0.7685108412981151
2,4,31,0,2,0.1871967939253322,0,2,1,3,0,0,2,0,1,-1.3365878401987763,-0.1979766046875472,0.4610141304902521,1.5199138352990578,0.31284574215153277,-1.2842364910921702,0.8001019203815584,0.7557778349440633
3,10,37,0,8,0.5893271461716937,0,10,3,4,0,0,2,1,0,2.156884183192796,-0.15107531882987052,0.4416792714056269,-0.114210291270482,-0.5938973471188761,0.2282983413380567,-1.053635544011528,2.7402756714298215
1,7,38,0,0,0.12112423539337693,0,0,3,3,0,1,4,0,0,-2.255169869533744,0.5890626256792155,-2.0439026389551285,0.1171337861683751,-0.054966288329545865,0.14360061808718957,0.4064542998505154,0.6872021722746581
1,8,33,0,7,0.09212191520776207,0,8,3,2,0,0,4,0,0,-0.9480786898717362,0.9978094394743421,-0.25641262796746556,-1.0515930972476688,0.6544098769304221,0.7780084285204745,0.5830016437981376,-0.002564678115894588
